Tow ,Family,Species,Length_mm,length_type,original_meas,Destination,Preservation,Note
1,Phosichthyidae,Vinciguerria nimbaria,,SL,,,EtOH,length missing on data sheet
1,Myctophidae,Unidentified Myctophid,31,SL,,SIO,EtOH,
1,Myctophidae,Lampanyctus-Nannobrachium,31.4,SL,,SIO,EtOH,
1,Myctophidae,Lampanyctus-Nannobrachium,35,SL,,SIO,EtOH,
1,Myctophidae,Lampanyctus-Nannobrachium,45.7,SL,,AC ,,
1,Myctophidae,Lampanyctus-Nannobrachium,33.2,SL,,AC ,,
1,Myctophidae,Lampanyctus-Nannobrachium,30,SL,,AC ,,
1,Myctophidae,Lampanyctus-Nannobrachium,20.5,SL,,AC ,,
1,Myctophidae,Lampanyctus-Nannobrachium,29.7,SL,,SIO,EtOH,
1,Myctophidae,Lampanyctus-Nannobrachium,33.4,SL,,SIO,EtOH,
1,Myctophidae,Lampanyctus-Nannobrachium,31,SL,,AC ,,
1,Myctophidae,Lampanyctus-Nannobrachium,25.4,SL,,AC ,,
1,Myctophidae,Lampanyctus-Nannobrachium,24,SL,,AC ,,
1,Myctophidae,Lampanyctus-Nannobrachium,30,SL,,AC ,,
1,Myctophidae,Lampanyctus-Nannobrachium,31.6,SL,,AC ,,
1,Stomiidae,Astronesthes sp.,73.8,SL,,AC ,,
1,Idiacanthidae,Idiacanthus antrostomus,105,SL,,AC ,,
1,Idiacanthidae,Idiacanthus antrostomus,75.4,SL,,AC ,,
1,Stomiidae,Thysanactis (cf dentex),55.3,SL,,AC ,,
1,Idiacanthidae,Idiacanthus fasciola,133.9,SL,,AC ,,
1,Phosichthyidae,Vinciguerria nimbaria,21.3,SL,,SIO,EtOH,possibly lucetia
1,Sternoptychidae,Argyropelecus sladeni,21,SL,,AC ,,
1,Melamphaidae,Melamphaidae,17,SL,,AC ,,
1,Melamphaidae,Melamphaidae,11,SL,,AC ,,
1,Melamphaidae,Melamphaidae,12.6,SL,,AC ,,
1,Melamphaidae,Melamphaidae,12.4,SL,,AC ,,
1,Melamphaidae,Melamphaidae,17.9,SL,,AC ,,
1,Melamphaidae,Melamphaidae,14,SL,,AC ,,
1,Enoploteuthidae,Abraliopsis sp.,11.8,SL,,AC ,,DML
1,Pyrosomatidae,Pyrosoma sp.,78,SL,,AC ,,TL
1,Myctophidae,Unidentified Myctophid,21.8,SL,,AC ,,scales and photophores gone
1,Myctophidae,Notolychnus valdiviae,20,SL,,AC ,,
1,Myctophidae,Notolychnus valdiviae,13.7,SL,,AC ,,
1,Myctophidae,Notolychnus valdiviae,14.5,SL,,AC ,,
1,Myctophidae,Ceratoscopelus warmingii,50.3,SL,,AC ,,
1,Myctophidae,Ceratoscopelus warmingii,23,SL,,AC ,,
1,Myctophidae,Ceratoscopelus warmingii,23,SL,,AC ,,
1,Myctophidae,Ceratoscopelus warmingii,23.2,SL,,AC ,,
1,Myctophidae,Ceratoscopelus warmingii,26.3,SL,,AC ,,
1,Myctophidae,Ceratoscopelus warmingii,23.8,SL,,AC ,,
1,Myctophidae,Ceratoscopelus warmingii,22.7,SL,,AC ,,
1,Phosichthyidae,Vinciguerria poweriae,18.3,SL,,SIO,EtOH,
1,Phosichthyidae,Vinciguerria poweriae,16.1,SL,,SIO,EtOH,
1,Phosichthyidae,Vinciguerria poweriae,13.4,SL,,AC ,,
1,Phosichthyidae,Vinciguerria poweriae,13,SL,,AC ,,
1,Phosichthyidae,Vinciguerria poweriae,11.1,SL,,AC ,,
1,Phosichthyidae,Vinciguerria poweriae,11.5,SL,,AC ,,
1,Phosichthyidae,Vinciguerria poweriae,11,SL,,AC ,,
1,Phosichthyidae,Vinciguerria poweriae,11,SL,,AC ,,
1,Phosichthyidae,Vinciguerria poweriae,11,SL,,AC ,,
1,Phosichthyidae,Vinciguerria poweriae,11.8,SL,,AC ,,
1,Phosichthyidae,Vinciguerria poweriae,12.2,SL,,AC ,,
1,Myctophidae,Diaphus anderseni,24.9,SL,,AC ,,
1,Myctophidae,Diaphus anderseni,16.8,SL,,AC ,,
1,Exocetidae,Exocetidae,60,SL,,AC ,,
1,Penaeidae,Penaeidae,6.7,CL,,AC ,,
1,Penaeidae,Penaeidae,6.1,CL,,AC ,,
1,Penaeidae,Penaeidae,7.9,CL,,AC ,,
1,Penaeidae,Penaeidae,7.9,CL,,AC ,,
1,Penaeidae,Penaeidae,8.9,CL,,AC ,,
1,Penaeidae,Penaeidae,8.1,CL,,AC ,,
1,Sergestidae,Sergestidae,6.7,CL,,AC ,,
1,Sergestidae,Sergestidae,4.1,CL,,AC ,,
1,Sergestidae,Sergestidae,3.1,CL,,AC ,,
1,Sergestidae,Sergestidae,9.4,CL,,AC ,,
1,Caridea,Caridea,8,CL,22.4,AC ,,second measure eye to end of carapace
1,Caridea,Caridea,9.2,CL,34.1,AC ,,
1,Euphausiacea,Euphausiacea,7.4,CL,,AC ,,
1,Euphausiacea,Euphausiacea,5.4,CL,,AC ,,
1,Euphausiacea,Euphausiacea,4.5,CL,,AC ,,
1,Euphausiacea,Euphausiacea,5.6,CL,,AC ,,
1,Euphausiacea,Euphausiacea,5.4,CL,,AC ,,
1,Euphausiacea,Euphausiacea,5.5,CL,,AC ,,
1,Euphausiacea,Euphausiacea,6.8,CL,,AC ,,
1,Euphausiacea,Euphausiacea,4,CL,,AC ,,
1,Euphausiacea,Euphausiacea,5.8,CL,,AC ,,
1,Euphausiacea,Euphausiacea,4.3,CL,,AC ,,
1,Euphausiacea,Euphausiacea,4.9,CL,,AC ,,
1,Euphausiacea,Euphausiacea,5.1,CL,,AC ,,
1,Euphausiacea,Euphausiacea,5.2,CL,,AC ,,
1,Euphausiacea,Euphausiacea,4.9,CL,,AC ,,
1,Euphausiacea,Euphausiacea,5.1,CL,,AC ,,
1,Euphausiacea,Euphausiacea,4,CL,,AC ,,
1,Euphausiacea,Euphausiacea,5.7,CL,,AC ,,
1,Euphausiacea,Euphausiacea,3.2,CL,,AC ,,
1,Euphausiacea,Euphausiacea,3.1,CL,,AC ,,
1,Euphausiacea,Euphausiacea,2.7,CL,,AC ,,
1,Euphausiacea,Euphausiacea,9.1,CL,,AC ,,
1,Euphausiacea,Euphausiacea,2.7,CL,,AC ,,
1,Euphausiacea,Euphausiacea,5,CL,,AC ,,
1,Euphausiacea,Euphausiacea,4.6,CL,,AC ,,
1,Euphausiacea,Euphausiacea,7.8,CL,,AC ,,
1,Euphausiacea,Euphausiacea,7.9,CL,,AC ,,
1,Euphausiacea,Euphausiacea,4.1,CL,,AC ,,
2,Dalatidae,Isistius brasiliensis,445,SL,,AC,465 TL,
2,Evermannellidae,Odontostomops normalops,47,SL,,SIO ,freezer-vial 1,
2,Idiacanthidae,Idiacanthus sp.,42,SL,,SIO ,freezer-vial 1,
2,Myctophidae,Centrobranchus sp.,35,SL,,SIO ,freezer-vial 1,
2,Gonostomatidae,Gonostoma atlanticum,29,SL,,SIO ,freezer-vial 1,
2,Melamphaidae,Melamphaidae,20,SL,,SIO ,freezer-vial 1,
2,Melamphaidae,Melamphaidae,18,SL,,SIO ,freezer-vial 1,
2,Melamphaidae,Melamphaidae,17,SL,,SIO ,freezer-vial 1,
2,Melamphaidae,Melamphaidae,NA,SL,,SIO ,"freezer-vial 1, tail missing",
2,Myctophidae,Myctophum sp.,22,SL,,SIO ,freezer-vial 2,
2,Myctophidae,Unidentified Myctophid,24,SL,,SIO ,freezer - vial # not specified,
2,Myctophidae,Unidentified Myctophid,18,SL,,SIO ,freezer - vial # not specified,
2,Myctophidae,Unidentified Myctophid,17.5,SL,,SIO ,freezer - vial # not specified,
2,Paralepididae,Paralepididae,25,SL,,SIO ,freezer-vial 1,
2,Myctophidae,Ceratoscopelus warmingii,24.5,SL,,AC,,
2,Myctophidae,Ceratoscopelus warmingii,58,SL,,AC,,
2,Myctophidae,Ceratoscopelus warmingii,22,SL,,AC,,
2,Myctophidae,Ceratoscopelus warmingii,23.5,SL,,AC,,
2,Myctophidae,Ceratoscopelus warmingii,25,SL,,AC,,
2,Myctophidae,Ceratoscopelus warmingii,25,SL,,AC,,
2,Myctophidae,Ceratoscopelus warmingii,26.05,SL,,AC,,
2,Myctophidae,Ceratoscopelus warmingii,24.06,SL,,AC,,
2,Myctophidae,Ceratoscopelus warmingii,25.92,SL,,AC,,
2,Myctophidae,Ceratoscopelus warmingii,18.94,SL,,AC,,
2,Myctophidae,Ceratoscopelus warmingii,23.4,SL,,SIO ,freezer- vial # not specified,
2,Myctophidae,Ceratoscopelus warmingii,23.99,SL,,SIO ,freezer- vial # not specified,
2,Myctophidae,Ceratoscopelus warmingii,23.2,SL,,SIO ,freezer- vial # not specified,
2,Myctophidae,Ceratoscopelus warmingii,22.49,SL,,SIO ,freezer- vial # not specified,
2,Myctophidae,Ceratoscopelus warmingii,21.67,SL,,SIO ,freezer- vial # not specified,
2,Gonostomatidae,Cyclothone spp.,38.34,SL,,AC,,
2,Gonostomatidae,Cyclothone spp.,28.51,SL,,AC,,
2,Gonostomatidae,Cyclothone spp.,29.83,SL,,AC,,
2,Gonostomatidae,Cyclothone spp.,33.73,SL,,AC,,
2,Gonostomatidae,Cyclothone spp.,39.31,SL,,AC,,
2,Gonostomatidae,Cyclothone spp.,33.46,SL,,AC,,
2,Gonostomatidae,Cyclothone spp.,29.9,SL,,AC,,
2,Gonostomatidae,Cyclothone spp.,28.1,SL,,AC,,
2,Gonostomatidae,Cyclothone spp.,28.93,SL,,AC,,
2,Gonostomatidae,Cyclothone spp.,33.7,SL,,AC,,
2,Gonostomatidae,Cyclothone spp.,NA,SL,,SIO ,freezer- vial 2 (unknown # indivs.),
2,Myctophidae,Diaphus sp.,35.4,SL,,AC,,
2,Myctophidae,Diaphus pacificus,37.18,SL,,AC,,
2,Myctophidae,Lampadena spp.,20.14,SL,,SIO ,freezer-vial 3,
2,Myctophidae,Lampadena spp.,20.44,SL,,SIO ,freezer-vial 3,
2,Myctophidae,Lampadena spp.,20.88,SL,,SIO ,freezer-vial 3,
2,Myctophidae,Lampadena spp.,20.34,SL,,SIO ,freezer-vial 3,
2,Myctophidae,Notolychnus valdiviae,24.91,SL,,SIO ,freezer-vial 3,
2,Myctophidae,Notolychnus valdiviae,22.39,SL,,SIO ,freezer-vial 3,
2,Myctophidae,Notolychnus valdiviae,20.55,SL,,SIO ,freezer-vial 3,
2,Myctophidae,Notolychnus valdiviae,20.03,SL,,SIO ,freezer-vial 3,
2,Myctophidae,Notolychnus valdiviae,22.95,SL,,AC,,
2,Myctophidae,Notolychnus valdiviae,22.44,SL,,AC,,
2,Myctophidae,Notolychnus valdiviae,24,SL,,AC,,
2,Myctophidae,Notolychnus valdiviae,NA,SL,,AC,head missing,
2,Myctophidae,Notolychnus valdiviae,NA,SL,,AC,tail missing,
2,Myctophidae,Triphotorus sp.,32.11,SL,,SIO ,freezer-vial 3,
2,Myctophidae,Lampadena - Taaningichthys,33.29,SL,,SIO ,"vial- ""Myctophid""",
2,Myctophidae,Unidentified Myctophid,23.06,SL,,SIO ,"vial- ""Myctophid""",
2,Myctophidae,Unidentified Myctophid,22.82,SL,,SIO ,"vial- ""Myctophid""",
2,Myctophidae,Unidentified Myctophid,17.84,SL,,SIO ,"vial- ""Myctophid""",
2,Pterotracheoidea,Pterotracheoidea,NA,SL,,AC,# not enumerated,
2,Mysidae,Gnathophausia,38.206408,CL,60.16,AC,,
2,Mysidae,Gnathophausia,19.578739,CL,35.53,AC,,
2,Oplophoridae,Oplophoridae,9.85,CL,19.7,AC,,
2,Oplophoridae,Oplophoridae,9.685,CL,19.37,AC,,
2,Oplophoridae,Oplophoridae,8.425,CL,16.85,AC,,
2,Sergestidae,Sergestidae,12.56,CL,,AC,,
2,Sergestidae,Sergestidae,12.17,CL,,AC,,
2,Penaeidae,Penaeidae,21.58,CL,,AC,,
2,Penaeidae,Penaeidae,11.41,CL,,AC,,
2,Penaeidae,Penaeidae,8.47,CL,,AC,,
2,Penaeidae,Penaeidae,8.5,CL,,AC,,
2,Penaeidae,Penaeidae,8.52,CL,,AC,,
2,Euphausiacea,Euphausiacea,9.68,CL,,AC,,
2,Euphausiacea,Euphausiacea,7.33,CL,,AC,,
2,Euphausiacea,Euphausiacea,8.63,CL,,AC,,
2,Euphausiacea,Euphausiacea,8.89,CL,,AC,,
2,Euphausiacea,Euphausiacea,8.63,CL,,AC,,
2,Euphausiacea,Euphausiacea,7.34,CL,,AC,,
2,Euphausiacea,Euphausiacea,6.72,CL,,AC,,
3,Myctophidae,Ceratoscopelus warmingii,53.51,SL,,AC,,
3,Myctophidae,Ceratoscopelus warmingii,29.73,SL,,AC,,
3,Myctophidae,Ceratoscopelus warmingii,26.23,SL,,AC,,
3,Myctophidae,Ceratoscopelus warmingii,25.23,SL,,AC,,
3,Myctophidae,Ceratoscopelus warmingii,25.68,SL,,AC,,
3,Myctophidae,Ceratoscopelus warmingii,22.93,SL,,AC,,
3,Myctophidae,Ceratoscopelus warmingii,21.77,SL,,AC,,
3,Myctophidae,Ceratoscopelus warmingii,22.37,SL,,AC,,
3,Myctophidae,Ceratoscopelus warmingii,20.87,SL,,AC,,
3,Myctophidae,Ceratoscopelus warmingii,23.41,SL,,AC,,
3,Myctophidae,Ceratoscopelus warmingii,23.6,SL,,SIO,freezer-vial 1,
3,Myctophidae,Ceratoscopelus warmingii,22.76,SL,,SIO,freezer-vial 1,
3,Myctophidae,Ceratoscopelus warmingii,22.77,SL,,SIO,freezer-vial 1,
3,Myctophidae,Ceratoscopelus warmingii,24.01,SL,,SIO,freezer-vial 1,
3,Myctophidae,Ceratoscopelus warmingii,24.26,SL,,SIO,freezer-vial 1,
3,Myctophidae,Ceratoscopelus warmingii,22.87,SL,,SIO,freezer-vial 1,
3,Myctophidae,Ceratoscopelus warmingii,23.26,SL,,SIO,freezer-vial 1,
3,Myctophidae,Ceratoscopelus warmingii,23.88,SL,,SIO,freezer-vial 1,
3,Myctophidae,Ceratoscopelus warmingii,22.68,SL,,SIO,freezer-vial 1,
3,Myctophidae,Ceratoscopelus warmingii,22.88,SL,,SIO,freezer-vial 1,
3,Myctophidae,Hygophum sp.,40.87,SL,,AC,,
3,Myctophidae,Hygophum sp.,44.75,SL,,AC,,
3,Pyroteuthidae,Pyroteuthis addolux,35.89,DML,,AC,,
3,Mysidae,Gnathophausia,12.21994,CL,25.8,AC,,
3,Sergestidae,Sergestidae,16.36,CL,,AC,,
3,Sergestidae,Sergestidae,15.65,CL,,AC,,
3,Sergestidae,Sergestidae,15.05,CL,,AC,,
3,Caridea,Caridea,29.83,CL,,AC,,
3,Caridea,Caridea,24.15,CL,,AC,,
3,Caridea,Caridea,23.04,CL,,AC,,
3,Penaeidae,Penaeidae,7.26,CL,,AC,,
3,Penaeidae,Penaeidae,8.31,CL,,AC,,
3,Penaeidae,Penaeidae,9.21,CL,,AC,,
3,Penaeidae,Penaeidae,8.23,CL,,AC,,
3,Penaeidae,Penaeidae,10.43,CL,,AC,,
3,Penaeidae,Penaeidae,7.96,CL,,AC,,
3,Penaeidae,Penaeidae,7.23,CL,,AC,,
3,Penaeidae,Penaeidae,10.21,CL,,AC,,
3,Penaeidae,Penaeidae,8.09,CL,,AC,,
3,Euphausiacea,Euphausiacea,15.39,CL,,AC,,
3,Euphausiacea,Euphausiacea,9.85,CL,,AC,,
3,Euphausiacea,Euphausiacea,9.22,CL,,AC,,
3,Euphausiacea,Euphausiacea,8.34,CL,,AC,,
3,Euphausiacea,Euphausiacea,9.04,CL,,AC,,
3,Euphausiacea,Euphausiacea,9.27,CL,,AC,,
3,Euphausiacea,Euphausiacea,10.98,CL,,AC,,
3,Euphausiacea,Euphausiacea,10.03,CL,,AC,,
3,Euphausiacea,Euphausiacea,9.09,CL,,AC,,
3,Euphausiacea,Euphausiacea,9.15,CL,,AC,,
3,Myctophidae,Diaphus mollis,51.92,SL,,AC,,
3,Phosichthyidae,Vinciguerria poweriae,26.45,SL,,AC,,
3,Phosichthyidae,Vinciguerria poweriae,15.29,SL,,AC,,
3,Phosichthyidae,Vinciguerria poweriae,16,SL,,AC,,
3,Phosichthyidae,Vinciguerria poweriae,17.02,SL,,AC,,
3,Phosichthyidae,Vinciguerria poweriae,17.06,SL,,AC,,
3,Gonostomatidae,Cyclothone spp.,43.01,SL,,AC,,
3,Gonostomatidae,Cyclothone spp.,25.71,SL,,AC,,
3,Gonostomatidae,Cyclothone spp.,27.44,SL,,AC,,
3,Gonostomatidae,Cyclothone spp.,24.24,SL,,AC,,
3,Gonostomatidae,Cyclothone spp.,22.55,SL,,AC,,
3,Gonostomatidae,Cyclothone spp.,20.22,SL,,AC,,
3,Gonostomatidae,Cyclothone spp.,19.05,SL,,AC,,
3,Gonostomatidae,Cyclothone spp.,18.63,SL,,AC,,
3,Gonostomatidae,Cyclothone spp.,20.33,SL,,AC,,
3,Gonostomatidae,Cyclothone spp.,21.71,SL,,AC,,
3,Myctophidae,Notolychnus valdiviae,23.08,SL,,AC,,
3,Myctophidae,Notolychnus valdiviae,22.41,SL,,AC,,
3,Myctophidae,Notolychnus valdiviae,23.57,SL,,AC,,
3,Myctophidae,Notolychnus valdiviae,24.2,SL,,AC,,
3,Myctophidae,Notolychnus valdiviae,22.18,SL,,AC,,
3,Myctophidae,Notolychnus valdiviae,23.24,SL,,AC,,
3,Myctophidae,Notolychnus valdiviae,19.55,SL,,AC,,
3,Myctophidae,Notolychnus valdiviae,NA,SL,,AC,,part missing
3,Myctophidae,Lampanyctus spp.,55.28,SL,,AC,,
3,Myctophidae,Lampanyctus spp.,40.79,SL,,AC,,
3,Myctophidae,Lampanyctus spp.,39.74,SL,,AC,,
3,Myctophidae,Lampanyctus spp.,33.06,SL,,AC,,
3,Myctophidae,Lampanyctus spp.,27.05,SL,,AC,,
3,Myctophidae,Lampanyctus spp.,34.04,SL,,AC,,
3,Myctophidae,Lampanyctus spp.,31.68,SL,,AC,,
3,Myctophidae,Lampanyctus spp.,32.62,SL,,AC,,
3,Myctophidae,Lampanyctus spp.,34.28,SL,,AC,,
3,Myctophidae,Lampanyctus spp.,27.75,SL,,AC,,
3,Myctophidae,Lampanyctus spp.,41.04,SL,,SIO,freezer-vial 1,
3,Myctophidae,Lampanyctus spp.,26.51,SL,,SIO,freezer-vial 1,
3,Myctophidae,Lampanyctus spp.,31.71,SL,,SIO,freezer-vial 1,
3,Myctophidae,Lampanyctus spp.,26.61,SL,,SIO,freezer-vial 1,
3,Myctophidae,Lampanyctus spp.,27.41,SL,,SIO,freezer-vial 1,
3,Myctophidae,Lampanyctus spp.,25.72,SL,,SIO,freezer-vial 1,
3,Sternoptychidae,Valencianellus tripunctulatus,27.24,SL,,AC,,
3,Sternoptychidae,Valencianellus tripunctulatus,28.56,SL,,AC,,
3,Sternoptychidae,Argyropelecus hemigymnus,22.22,SL,,AC,,
3,Anoplogastridae,Anoplogaster cornuta,29.58,SL,,SIO,freezer-vial 2,
3,Gonostomatidae,Sigmops sp.,19.85,SL,,SIO,freezer-vial 2,
3,Gonostomatidae,Sigmops sp.,79.62,SL,,SIO,freezer-vial 2,
3,Gonostomatidae,Sigmops sp.,23.85,SL,,SIO,freezer-vial 2,
3,Gonostomatidae,Sigmops sp.,21.84,SL,,SIO,freezer-vial 2,
3,Gonostomatidae,Sigmops sp.,26.89,SL,,SIO,freezer-vial 2,
3,Gonostomatidae,Sigmops sp.,21.22,SL,,SIO,freezer-vial 2,
3,Idiacanthidae,Idiacanthus sp.,44.53,SL,,SIO,freezer-vial 2,
3,Idiacanthidae,Idiacanthus sp.,45.22,SL,,SIO,freezer-vial 2,
3,Idiacanthidae,Idiacanthus sp.,43.06,SL,,SIO,freezer-vial 2,
3,Idiacanthidae,Idiacanthus sp.,NA,SL,,SIO,freezer-vial 2,larva
3,Myctophidae,Centrobranchus sp.,25.39,SL,,SIO,freezer-vial 2,
3,Myctophidae,Lobiancha sp.,24.29,SL,,SIO,freezer-vial 2,
3,Myctophidae,Lobiancha sp.,23.7,SL,,SIO,freezer-vial 2,
3,Myctophidae,Lobiancha sp.,25.26,SL,,SIO,freezer-vial 2,
3,Myctophidae,Lobiancha sp.,23.74,SL,,SIO,freezer-vial 2,
3,Myctophidae,Unidentified Myctophid,65.05,SL,,SIO,freezer -vial # not specified,
3,Myctophidae,Unidentified Myctophid,29.82,SL,,SIO,freezer-vial 3,
3,Myctophidae,Unidentified Myctophid,30.47,SL,,SIO,freezer-vial 3,
3,Myctophidae,Unidentified Myctophid,22.45,SL,,SIO,freezer-vial 3,
3,Myctophidae,Unidentified Myctophid,24.76,SL,,SIO,freezer-vial 3,
3,,Parvilux sp.,38.51,BD,,SIO,freezer-vial 3,
3,Myctophidae,Taaningichthys minimus,23.91,SL,,SIO,freezer-vial 3,
3,Myctophidae,Lampadena urophaos,24.79,SL,,SIO,freezer-vial 3,
3,Myctophidae,Lampadena urophaos,21.98,SL,,SIO,freezer-vial 3,
3,Myctophidae,Lampadena urophaos,24.89,SL,,SIO,freezer-vial 3,
3,Myctophidae,Triphotorus nigrescens,23.88,SL,,SIO,freezer-vial 3,
3,Myctophidae,Triphotorus nigrescens,32.7,SL,,SIO,freezer-vial 3,
3,Myctophidae,Triphotorus nigrescens,26.16,SL,,SIO,freezer-vial 3,
3,Myctophidae,Triphotorus nigrescens,30.17,SL,,SIO,freezer-vial 3,
3,Myctophidae,Triphotorus nigrescens,30.45,SL,,SIO,freezer-vial 3,
4,Dalatidae,Isistius brasiliensis,,SL,,,,
4,Dalatidae,Isistius brasiliensis,,SL,,,,
4,Myctophidae,Notolychnus valdiviae,22.71,SL,,AC,,
4,Myctophidae,Notolychnus valdiviae,22.19,SL,,AC,,
4,Myctophidae,Notolychnus valdiviae,20.65,SL,,AC,,
4,Myctophidae,Notolychnus valdiviae,23.25,SL,,AC,,
4,Myctophidae,Notolychnus valdiviae,19.76,SL,,AC,,
4,Myctophidae,Notolychnus valdiviae,21.87,SL,,AC,,
4,Myctophidae,Vinciguerria nimbaria,37.49,SL,,AC,,
4,Idiacanthidae,Idiacanthus sp.,85.19,SL,,SIO,freezer-vial 1,
4,Idiacanthidae,Idiacanthus sp.,69.84,SL,,SIO,freezer-vial 1,
4,Idiacanthidae,Idiacanthus sp.,47.75,SL,,SIO,freezer-vial 1,
4,Myctophidae,Diaphus effulgens,33.34,SL,,AC,,
4,Myctophidae,Sigmops sp.,72.72,SL,,AC,,
4,Myctophidae,Nannobrachium spp.,69.12,SL,,AC,,
4,Myctophidae,Nannobrachium spp.,33.98,SL,,AC,,
4,Myctophidae,Nannobrachium spp.,34.6,SL,,AC,,
4,Myctophidae,Lampanyctus-Nannobrachium,47.45,SL,,AC,,
4,Myctophidae,Lampanyctus-Nannobrachium,37.84,SL,,AC,,
4,Myctophidae,Lampanyctus-Nannobrachium,30.82,SL,,AC,,
4,Myctophidae,Lampanyctus-Nannobrachium,29.97,SL,,AC,,
4,Myctophidae,Lampanyctus-Nannobrachium,34.71,SL,,AC,,
4,Myctophidae,Lampanyctus spp.,24.27,SL,,SIO,freezer-vial 1,
4,Myctophidae,Lampanyctus-Nannobrachium,25.1,SL,,SIO,freezer-vial 1,
4,Myctophidae,Lampanyctus-Nannobrachium,25.3,SL,,SIO,freezer-vial 1,
4,Myctophidae,Lampanyctus-Nannobrachium,26.02,SL,,SIO,freezer-vial 1,
4,Myctophidae,Symbolophorus sp. ,29.81,SL,,SIO,freezer-vial 1,
4,Myctophidae,Unidentified Myctophid,24.5,SL,,SIO,freezer-vial 1,
4,Sternoptychidae,Danaphos oculatus,33.37,SL,,AC,,
4,Sternoptychidae,Danaphos oculatus,31.44,SL,,AC,,
4,Myctophidae,Hygophum proximum,39.72,SL,,SIO,freezer-vial 1,
4,Myctophidae,Taaningichthys minimus,55.22,SL,,SIO,freezer-vial 1,
4,Myctophidae,Lampadena spp.,19.67,SL,,SIO,freezer-vial 1,
4,Gonostomatidae,Cyclothone spp.,NA,SL,,SIO,freezer-vial 1,unnumerated # 
4,Gonostomatidae,Cyclothone spp.,35.69,SL,,AC,,
4,Gonostomatidae,Cyclothone spp.,39.39,SL,,AC,,
4,Gonostomatidae,Cyclothone spp.,37.15,SL,,AC,,
4,Gonostomatidae,Cyclothone spp.,35.7,SL,,AC,,
4,Gonostomatidae,Cyclothone spp.,43.23,SL,,AC,,
4,Gonostomatidae,Cyclothone spp.,41.53,SL,,AC,,
4,Gonostomatidae,Cyclothone spp.,37.43,SL,,AC,,
4,Gonostomatidae,Cyclothone spp.,30.91,SL,,AC,,
4,Gonostomatidae,Cyclothone spp.,35.23,SL,,AC,,
4,Gonostomatidae,Cyclothone spp.,36.79,SL,,AC,,
4,Mysidae,Gnathophausia,19.646806,CL,35.62,AC,,
4,Sergestidae,Sergestidae,14.02,CL,,AC,,
4,Sergestidae,Sergestidae,10.03,CL,,AC,,
4,Sergestidae,Sergestidae,18.86,CL,,AC,,
4,Caridea,Oplophoridae,10.03769,CL,26.83,AC,,
4,Caridea,Caridea,9.90116,CL,26.42,AC,,
4,Caridea,Caridea,7.6967,CL,19.8,AC,,
4,Caridea,Caridea,6.18821,CL,15.27,AC,,
4,Euphausiacea,Euphausiacea,10.06,CL,,AC,,
4,Euphausiacea,Euphausiacea,9.4,CL,,AC,,
4,Euphausiacea,Euphausiacea,9.79,CL,,AC,,
4,Euphausiacea,Euphausiacea,9.07,CL,,AC,,
4,Euphausiacea,Euphausiacea,8.81,CL,,AC,,
4,Euphausiacea,Euphausiacea,10.9,CL,,AC,,
4,Euphausiacea,Euphausiacea,9.76,CL,,AC,,
4,Euphausiacea,Euphausiacea,10.06,CL,,AC,,
4,Euphausiacea,Euphausiacea,7.51,CL,,AC,,
4,Euphausiacea,Euphausiacea,8.08,CL,,AC,,
4,Myctophidae,Ceratoscopelus warmingii,38.94,SL,,AC,,
4,Myctophidae,Ceratoscopelus warmingii,25.31,SL,,AC,,
4,Myctophidae,Ceratoscopelus warmingii,23.8,SL,,AC,,
4,Myctophidae,Ceratoscopelus warmingii,21.42,SL,,AC,,
4,Myctophidae,Ceratoscopelus warmingii,22.26,SL,,AC,,
4,Myctophidae,Ceratoscopelus warmingii,21.87,SL,,SIO,freezer-vial 2,
4,Myctophidae,Ceratoscopelus warmingii,22.33,SL,,SIO,freezer-vial 2,
4,Myctophidae,Ceratoscopelus warmingii,22.36,SL,,SIO,freezer-vial 2,
4,Myctophidae,Ceratoscopelus warmingii,20.5,SL,,SIO,freezer-vial 2,
4,Myctophidae,Ceratoscopelus warmingii,22.44,SL,,SIO,freezer-vial 2,
4,Myctophidae,Ceratoscopelus warmingii,20.97,SL,,SIO,freezer-vial 2,
4,Myctophidae,Ceratoscopelus warmingii,20.36,SL,,SIO,freezer-vial 2,
4,Myctophidae,Ceratoscopelus warmingii,21.51,SL,,SIO,freezer-vial 2,
4,Myctophidae,Ceratoscopelus warmingii,22.47,SL,,SIO,freezer-vial 2,
4,Penaeidae,Penaeidae,8.67,CL,,AC,,
4,Penaeidae,Penaeidae,10.27,CL,,AC,,
4,Penaeidae,Penaeidae,7.99,CL,,AC,,
4,Penaeidae,Penaeidae,10.7,CL,,AC,,
4,Penaeidae,Penaeidae,11.02,CL,,AC,,
4,Penaeidae,Penaeidae,11.42,CL,,AC,,
4,Penaeidae,Penaeidae,10.73,CL,,AC,,
4,Penaeidae,Penaeidae,10.69,CL,,AC,,
4,Penaeidae,Penaeidae,10.27,CL,,AC,,
4,Penaeidae,Penaeidae,8.49,CL,,AC,,
4,Myctophidae,Triphotorus nigrescens,32.65,SL,,AC,,
4,Myctophidae,Triphotorus nigrescens,30.45,SL,,AC,,
4,Myctophidae,Triphotorus nigrescens,32.49,SL,,AC,,
4,Myctophidae,Triphotorus nigrescens,35.36,SL,,AC,,
4,Myctophidae,Triphotorus nigrescens,31.33,SL,,AC,,
4,Myctophidae,Triphotorus nigrescens,30.65,SL,,AC,,
4,Myctophidae,Unidentified Myctophid,34.48,SL,,SIO,freezer-vial 2,
5,Macrouridae,Coryphaenoides,378,TL,,,"TL, destination not specified",
5,Nemichthyidae,Avocettina infans,450,TL,,,"TL, destination not specified",
5,Myctophidae,Diaphus mollis,58.51,SL,,AC,,
5,Myctophidae,Diaphus mollis,59.88,SL,,AC,,
5,Myctophidae,Diaphus mollis,56.69,SL,,AC,,
5,Myctophidae,Diaphus mollis,35.68,SL,,SIO,freezer-vial 1,
5,Myctophidae,Diaphus mollis,23.04,SL,,SIO,freezer-vial 1,
5,Myctophidae,Diaphus mollis,37.28,SL,,did not keep,,
5,Myctophidae,Diaphus sp.,35.04,SL,,SIO,freezer-vial 1,
5,Myctophidae,Hygophum proximum,41.68,SL,,AC,,
5,Myctophidae,Hygophum proximum,26.7,SL,,AC,,
5,Phosichthyidae,Vinciguerria nimbaria,56.65,SL,,AC,,
5,Phosichthyidae,Vinciguerria nimbaria,46.22,SL,,AC,,
5,Phosichthyidae,Vinciguerria nimbaria,46.21,SL,,AC,,
5,Phosichthyidae,Vinciguerria nimbaria,48.22,SL,,AC,,
5,Phosichthyidae,Vinciguerria nimbaria,43.95,SL,,AC,,
5,Phosichthyidae,Vinciguerria nimbaria,34.21,SL,,SIO,freezer-vial 1,
5,Phosichthyidae,Vinciguerria nimbaria,41.92,SL,,SIO,freezer-vial 1,
5,Phosichthyidae,Vinciguerria nimbaria,35.07,SL,,SIO,freezer-vial 1,
5,Phosichthyidae,Vinciguerria nimbaria,33.61,SL,,SIO,freezer-vial 1,
5,Phosichthyidae,Vinciguerria nimbaria,41.08,SL,,SIO,freezer-vial 1,
5,Phosichthyidae,Vinciguerria nimbaria,40.36,SL,,SIO,freezer-vial 1,
5,Phosichthyidae,Vinciguerria nimbaria,38.36,SL,,SIO,freezer-vial 1,
5,Phosichthyidae,Vinciguerria nimbaria,36.68,SL,,SIO,freezer-vial 1,
5,Phosichthyidae,Vinciguerria nimbaria,34.05,SL,,SIO,freezer-vial 1,
5,Phosichthyidae,Vinciguerria nimbaria,32.24,SL,,SIO,freezer-vial 1,
5,Phosichthyidae,Vinciguerria nimbaria,31.64,SL,,SIO,freezer-vial 1,
5,Phosichthyidae,Vinciguerria nimbaria,34.26,SL,,SIO,freezer-vial 1,
5,Phosichthyidae,Vinciguerria nimbaria,40.05,SL,,SIO,freezer-vial 1,
5,Phosichthyidae,Vinciguerria nimbaria,35.33,SL,,SIO,freezer-vial 1,
5,Phosichthyidae,Vinciguerria nimbaria,36.9,SL,,SIO,freezer-vial 1,
5,Phosichthyidae,Vinciguerria nimbaria,37.57,SL,,SIO,freezer-vial 1,
5,Phosichthyidae,Vinciguerria nimbaria,31.04,SL,,SIO,freezer-vial 1,
5,Phosichthyidae,Vinciguerria nimbaria,37.49,SL,,SIO,freezer-vial 1,
5,Phosichthyidae,Vinciguerria nimbaria,42.04,SL,,SIO,freezer-vial 1,
5,Phosichthyidae,Vinciguerria nimbaria,41.52,SL,,SIO,freezer-vial 1,
5,Phosichthyidae,Vinciguerria nimbaria,45.61,SL,,SIO,freezer-vial 1,
5,Phosichthyidae,Vinciguerria nimbaria,38.06,SL,,SIO,freezer-vial 1,
5,Phosichthyidae,Vinciguerria nimbaria,39.95,SL,,SIO,freezer-vial 1,
5,Phosichthyidae,Vinciguerria nimbaria,34.85,SL,,SIO,freezer-vial 1,
5,Phosichthyidae,Vinciguerria nimbaria,35.26,SL,,SIO,freezer-vial 1,
5,Phosichthyidae,Vinciguerria nimbaria,37,SL,,SIO,freezer-vial 1,
5,Phosichthyidae,Vinciguerria nimbaria,35.71,SL,,SIO,freezer-vial 1,
5,Phosichthyidae,Vinciguerria nimbaria,37.9,SL,,SIO,freezer-vial 1,
5,Phosichthyidae,Vinciguerria nimbaria,44.04,SL,,SIO,freezer-vial 1,
5,Phosichthyidae,Vinciguerria nimbaria,35.72,SL,,SIO,freezer-vial 1,
5,Phosichthyidae,Vinciguerria nimbaria,40.41,SL,,SIO,freezer-vial 1,
5,Phosichthyidae,Vinciguerria nimbaria,37.85,SL,,SIO,freezer-vial 1,
5,Phosichthyidae,Vinciguerria nimbaria,41.76,SL,,SIO,freezer-vial 1,
5,Phosichthyidae,Vinciguerria nimbaria,31.81,SL,,SIO,freezer-vial 1,
5,Mysidae,Gnathophausia,39.318169,CL,61.63,AC,,
5,Mysidae,Gnathophausia,23.814019,CL,41.13,AC,,
5,Mysidae,Gnathophausia,23.980405,CL,41.35,AC,,broken tip
5,Mysidae,Gnathophausia,20.577055,CL,36.85,AC,,broken tip
5,Mysidae,Gnathophausia,16.735051,CL,31.77,AC,,
5,Penaeidae,Penaeidae,10.37,CL,,AC,,
5,Penaeidae,Penaeidae,10.9,CL,,AC,,
5,Penaeidae,Penaeidae,10.61,CL,,AC,,
5,Penaeidae,Penaeidae,11.71,CL,,AC,,
5,Penaeidae,Penaeidae,10.52,CL,,AC,,
5,Penaeidae,Penaeidae,10.43,CL,,plankton jar,EtOH,
5,Penaeidae,Penaeidae,10.32,CL,,plankton jar,EtOH,
5,Penaeidae,Penaeidae,7.65,CL,,plankton jar,EtOH,
5,Penaeidae,Penaeidae,9.93,CL,,plankton jar,EtOH,
5,Penaeidae,Penaeidae,10.61,CL,,plankton jar,EtOH,
5,Penaeidae,Penaeidae,9.58,CL,,plankton jar,EtOH,
5,Penaeidae,Penaeidae,9.96,CL,,plankton jar,EtOH,
5,Penaeidae,Penaeidae,10.64,CL,,plankton jar,EtOH,
5,Caridea,Caridea,12.28211,CL,33.57,AC,,
5,Caridea,Caridea,3.95711,CL,8.57,AC,,
5,Sergestidae,Sergestidae,14.31,CL,,AC,,
5,Sergestidae,Sergestidae,11.03,CL,,AC,,
5,Sergestidae,Sergestidae,13.86,CL,,AC,,
5,Sergestidae,Sergestidae,10.66,CL,,AC,,
5,Sergestidae,Sergestidae,9.76,CL,,AC,,
5,Sergestidae,Sergestidae,11.7,CL,,plankton jar,EtOH,
5,Sergestidae,Sergestidae,10.92,CL,,plankton jar,EtOH,
5,Sergestidae,Sergestidae,9.84,CL,,plankton jar,EtOH,
5,Sergestidae,Sergestidae,10.93,CL,,plankton jar,EtOH,
5,Sergestidae,Sergestidae,11.27,CL,,plankton jar,EtOH,
5,Sergestidae,Sergestidae,11.26,CL,,plankton jar,EtOH,
5,Euphausiacea,Euphausiacea,13.38,CL,,AC,,
5,Euphausiacea,Euphausiacea,10.22,CL,,AC,,
5,Euphausiacea,Euphausiacea,11.02,CL,,AC,,
5,Euphausiacea,Euphausiacea,10.21,CL,,AC,,
5,Euphausiacea,Euphausiacea,8.59,CL,,AC,,
5,Euphausiacea,Euphausiacea,8.24,CL,,plankton jar,EtOH,
5,Euphausiacea,Euphausiacea,6.95,CL,,plankton jar,EtOH,
5,Euphausiacea,Euphausiacea,8,CL,,plankton jar,EtOH,
5,Euphausiacea,Euphausiacea,8.13,CL,,plankton jar,EtOH,
5,Euphausiacea,Euphausiacea,8.53,CL,,plankton jar,EtOH,
5,Euphausiacea,Euphausiacea,6.35,CL,,plankton jar,EtOH,
5,Sternoptychidae,Danaphos oculatus,37.46,SL,,AC,,
5,Sternoptychidae,Danaphos oculatus,36.23,SL,,AC,,
5,Sternoptychidae,Danaphos oculatus,33.07,SL,,AC,,
5,Sternoptychidae,Danaphos oculatus,32.03,SL,,AC,,
5,Sternoptychidae,Danaphos oculatus,30.23,SL,,AC,,
5,Myctophidae,Lampadena spp.,62.73,SL,,AC,,
5,Myctophidae,Notolychnus valdiviae,25.9,SL,,AC,,
5,Myctophidae,Notolychnus valdiviae,24.65,SL,,AC,,
5,Myctophidae,Notolychnus valdiviae,24.5,SL,,AC,,
5,Myctophidae,Notolychnus valdiviae,24.62,SL,,AC,,
5,Myctophidae,Notolychnus valdiviae,23.58,SL,,AC,,
5,Gonostomatidae,Cyclothone spp.,41.1,SL,,AC,,
5,Gonostomatidae,Cyclothone spp.,38.63,SL,,AC,,
5,Gonostomatidae,Cyclothone spp.,39.3,SL,,AC,,
5,Gonostomatidae,Cyclothone spp.,39.55,SL,,AC,,
5,Gonostomatidae,Cyclothone spp.,37.6,SL,,AC,,
5,Myctophidae,Ceratoscopelus warmingii,34.53,SL,,AC,,
5,Myctophidae,Ceratoscopelus warmingii,26.01,SL,,AC,,
5,Myctophidae,Ceratoscopelus warmingii,25.27,SL,,AC,,
5,Myctophidae,Ceratoscopelus warmingii,25.87,SL,,AC,,
5,Myctophidae,Ceratoscopelus warmingii,23.81,SL,,AC,,
5,Myctophidae,Nannobrachium spp.,67.87,SL,,AC,,
5,Myctophidae,Nannobrachium spp.,64.95,SL,,AC,,
5,Myctophidae,Nannobrachium spp.,65.95,SL,,AC,,
5,Myctophidae,Nannobrachium spp.,51.84,SL,,AC,,
5,Myctophidae,Nannobrachium spp.,53.69,SL,,AC,,
5,Myctophidae,Lampanyctus spp.,51,SL,,AC,,
5,Myctophidae,Lampanyctus spp.,44.71,SL,,AC,,
5,Myctophidae,Lampanyctus spp.,48.23,SL,,AC,,
5,Myctophidae,Lampanyctus spp.,43.15,SL,,AC,,
5,Myctophidae,Lampanyctus spp.,44.48,SL,,AC,,
5,Myctophidae,Taaningichthys sp.,43.34,SL,,SIO,freezer-vial 2,
5,Myctophidae,Lampadena spp.,26.45,SL,,SIO,freezer-vial 2,
5,Myctophidae,Triphotorus nigrescens,31.22,SL,,AC,,
5,Myctophidae,Nannobrachium spp.,48.51,SL,,SIO,freezer-vial 2,
5,Myctophidae,Nannobrachium spp.,54.37,SL,,SIO,freezer-vial 2,
5,Myctophidae,Nannobrachium spp.,36.79,SL,,SIO,freezer-vial 2,
5,Myctophidae,Ceratoscopelus warmingii,17.72,SL,,SIO,freezer-vial 2,
5,Myctophidae,Ceratoscopelus warmingii,22,SL,,SIO,freezer-vial 2,estimate (n=40 at 21-23)
5,Myctophidae,Ceratoscopelus warmingii,22,SL,,SIO,freezer-vial 2,
5,Myctophidae,Ceratoscopelus warmingii,22,SL,,SIO,freezer-vial 2,
5,Myctophidae,Ceratoscopelus warmingii,22,SL,,SIO,freezer-vial 2,
5,Myctophidae,Ceratoscopelus warmingii,22,SL,,SIO,freezer-vial 2,
5,Myctophidae,Ceratoscopelus warmingii,22,SL,,SIO,freezer-vial 2,
5,Myctophidae,Ceratoscopelus warmingii,22,SL,,SIO,freezer-vial 2,
5,Myctophidae,Ceratoscopelus warmingii,22,SL,,SIO,freezer-vial 2,
5,Myctophidae,Ceratoscopelus warmingii,22,SL,,SIO,freezer-vial 2,
5,Myctophidae,Ceratoscopelus warmingii,22,SL,,SIO,freezer-vial 2,
5,Myctophidae,Ceratoscopelus warmingii,22,SL,,SIO,freezer-vial 2,
5,Myctophidae,Ceratoscopelus warmingii,22,SL,,SIO,freezer-vial 2,
5,Myctophidae,Ceratoscopelus warmingii,22,SL,,SIO,freezer-vial 2,
5,Myctophidae,Ceratoscopelus warmingii,22,SL,,SIO,freezer-vial 2,
5,Myctophidae,Ceratoscopelus warmingii,22,SL,,SIO,freezer-vial 2,
5,Myctophidae,Ceratoscopelus warmingii,22,SL,,SIO,freezer-vial 2,
5,Myctophidae,Ceratoscopelus warmingii,22,SL,,SIO,freezer-vial 2,
5,Myctophidae,Ceratoscopelus warmingii,22,SL,,SIO,freezer-vial 2,
5,Myctophidae,Ceratoscopelus warmingii,22,SL,,SIO,freezer-vial 2,
5,Myctophidae,Ceratoscopelus warmingii,22,SL,,SIO,freezer-vial 2,
5,Myctophidae,Ceratoscopelus warmingii,22,SL,,SIO,freezer-vial 2,
5,Myctophidae,Ceratoscopelus warmingii,22,SL,,SIO,freezer-vial 2,
5,Myctophidae,Ceratoscopelus warmingii,22,SL,,SIO,freezer-vial 2,
5,Myctophidae,Ceratoscopelus warmingii,22,SL,,SIO,freezer-vial 2,
5,Myctophidae,Ceratoscopelus warmingii,22,SL,,SIO,freezer-vial 2,
5,Myctophidae,Ceratoscopelus warmingii,22,SL,,SIO,freezer-vial 2,
5,Myctophidae,Ceratoscopelus warmingii,22,SL,,SIO,freezer-vial 2,
5,Myctophidae,Ceratoscopelus warmingii,22,SL,,SIO,freezer-vial 2,
5,Myctophidae,Ceratoscopelus warmingii,22,SL,,SIO,freezer-vial 2,
5,Myctophidae,Ceratoscopelus warmingii,22,SL,,SIO,freezer-vial 2,
5,Myctophidae,Ceratoscopelus warmingii,22,SL,,SIO,freezer-vial 2,
5,Myctophidae,Ceratoscopelus warmingii,22,SL,,SIO,freezer-vial 2,
5,Myctophidae,Ceratoscopelus warmingii,22,SL,,SIO,freezer-vial 2,
5,Myctophidae,Ceratoscopelus warmingii,22,SL,,SIO,freezer-vial 2,
5,Myctophidae,Ceratoscopelus warmingii,22,SL,,SIO,freezer-vial 2,
5,Myctophidae,Ceratoscopelus warmingii,22,SL,,SIO,freezer-vial 2,
5,Myctophidae,Ceratoscopelus warmingii,22,SL,,SIO,freezer-vial 2,
5,Myctophidae,Ceratoscopelus warmingii,22,SL,,SIO,freezer-vial 2,
5,Myctophidae,Ceratoscopelus warmingii,22,SL,,SIO,freezer-vial 2,
5,Myctophidae,Ceratoscopelus warmingii,22,SL,,SIO,freezer-vial 2,
5,Myctophidae,Lampanyctus spp.,33.49,SL,,SIO,freezer-vial 3,
5,Myctophidae,Lampanyctus spp.,41.05,SL,,SIO,freezer-vial 3,
5,Myctophidae,Lampanyctus spp.,42.25,SL,,SIO,freezer-vial 3,
5,Myctophidae,Lampanyctus spp.,27.9,SL,,SIO,freezer-vial 3,
5,Gonostomatidae,Cyclothone spp.,NA,SL,,SIO,freezer-vial 3,
5,Gonostomatidae,Cyclothone spp.,NA,SL,,SIO,freezer-vial 3,
5,Gonostomatidae,Cyclothone spp.,NA,SL,,SIO,freezer-vial 3,
5,Gonostomatidae,Cyclothone spp.,NA,SL,,SIO,freezer-vial 3,
5,Gonostomatidae,Cyclothone spp.,NA,SL,,SIO,freezer-vial 3,
5,Gonostomatidae,Cyclothone spp.,NA,SL,,SIO,freezer-vial 3,
5,Gonostomatidae,Cyclothone spp.,NA,SL,,SIO,freezer-vial 3,
5,Bregmacerocidae,Bregmaceros sp.,26.21,SL,,SIO,freezer-vial 4,
5,Myctophidae,Notolychnus valdiviae,17,SL,,SIO,freezer-vial 3,
5,Myctophidae,Notolychnus valdiviae,22.5,SL,,SIO,freezer-vial 3,
5,Myctophidae,Notolychnus valdiviae,22.5,SL,,SIO,freezer-vial 3,
5,Myctophidae,Notolychnus valdiviae,22.5,SL,,SIO,freezer-vial 3,
5,Myctophidae,Notolychnus valdiviae,22.5,SL,,SIO,freezer-vial 3,
5,Myctophidae,Notolychnus valdiviae,22.5,SL,,SIO,freezer-vial 3,
5,Myctophidae,Notolychnus valdiviae,22.5,SL,,SIO,freezer-vial 3,
5,Myctophidae,Notolychnus valdiviae,22.5,SL,,SIO,freezer-vial 3,
5,Myctophidae,Notolychnus valdiviae,22.5,SL,,SIO,freezer-vial 3,
5,Myctophidae,Notolychnus valdiviae,22.5,SL,,SIO,freezer-vial 3,
5,Myctophidae,Notolychnus valdiviae,22.5,SL,,SIO,freezer-vial 3,
5,Myctophidae,Notolychnus valdiviae,22.5,SL,,SIO,freezer-vial 3,
5,Myctophidae,Notolychnus valdiviae,22.5,SL,,SIO,freezer-vial 3,
5,Myctophidae,Notolychnus valdiviae,22.5,SL,,SIO,freezer-vial 3,
5,Myctophidae,Notolychnus valdiviae,22.5,SL,,SIO,freezer-vial 3,
5,Myctophidae,Notolychnus valdiviae,22.5,SL,,SIO,freezer-vial 3,
5,Myctophidae,Notolychnus valdiviae,22.5,SL,,SIO,freezer-vial 3,
5,Gonostomatidae,Gonostoma atlanticum,53.53,SL,,SIO,freezer-vial 4,
5,Gonostomatidae,Gonostoma atlanticum,54.58,SL,,SIO,freezer-vial 4,
5,Phosichthyidae,Vinciguerria poweriae,34,SL,,SIO,freezer-vial 4,
5,Myctophidae,Nannobrachium spp.,41.7,SL,,SIO,freezer-vial 4,
5,Myctophidae,Nannobrachium spp.,30.31,SL,,SIO,freezer-vial 4,
5,Myctophidae,Nannobrachium spp.,31.71,SL,,SIO,freezer-vial 4,
5,Myctophidae,Nannobrachium spp.,21.75,SL,,SIO,freezer-vial 4,
6,Gonostomatidae,Cyclothone spp.,57.34,SL,,AC,,
6,Gonostomatidae,Cyclothone spp.,39.72,SL,,AC,,
6,Gonostomatidae,Cyclothone spp.,39.91,SL,,AC,,
6,Gonostomatidae,Cyclothone spp.,40.81,SL,,AC,,
6,Gonostomatidae,Cyclothone spp.,36.75,SL,,AC,,
6,Mysidae,Gnathophausia,31.180381,CL,50.87,AC,,
6,Mysidae,Gnathophausia,24.532504,CL,42.08,AC,,
6,Mysidae,Gnathophausia,16.674547,CL,31.69,AC,,
6,Caridea,Caridea,,CL,15.93,AC,,
6,Caridea,Caridea,,CL,15.4,AC,,
6,Caridea,Caridea,,CL,9.44,AC,,
6,Sergestidae,Sergestidae,14.91,CL,,AC,,
6,Sergestidae,Sergestidae,14.1,CL,,AC,,
6,Sergestidae,Sergestidae,9.23,CL,,AC,,
6,Sergestidae,Sergestidae,9.7,CL,,AC,,
6,Sergestidae,Sergestidae,9.6,CL,,AC,,
6,Euphausiacea,Euphausiacea,11.17,CL,,AC,,
6,Euphausiacea,Euphausiacea,6.86,CL,,AC,,
6,Euphausiacea,Euphausiacea,8.17,CL,,AC,,
6,Euphausiacea,Euphausiacea,8.05,CL,,AC,,
6,Euphausiacea,Euphausiacea,8.87,CL,,AC,,
6,Euphausiacea,Euphausiacea,8.29,CL,,plankton jar,EtOH,
6,Euphausiacea,Euphausiacea,11.11,CL,,plankton jar,EtOH,
6,Euphausiacea,Euphausiacea,8.11,CL,,plankton jar,EtOH,
6,Euphausiacea,Euphausiacea,6.78,CL,,plankton jar,EtOH,
6,Euphausiacea,Euphausiacea,6.72,CL,,plankton jar,EtOH,
6,Euphausiacea,Euphausiacea,7.34,CL,,plankton jar,EtOH,
6,Euphausiacea,Euphausiacea,7.22,CL,,plankton jar,EtOH,
6,Penaeidae,Penaeidae,10.59,CL,,AC,,
6,Penaeidae,Penaeidae,8.6,CL,,AC,,
6,Penaeidae,Penaeidae,9.14,CL,,AC,,
6,Penaeidae,Penaeidae,11.97,CL,,AC,,
6,Penaeidae,Penaeidae,10.68,CL,,AC,,
6,Penaeidae,Penaeidae,9.5,CL,,plankton jar,EtOH,
6,Penaeidae,Penaeidae,9.5,CL,,plankton jar,EtOH,
6,Penaeidae,Penaeidae,9.5,CL,,plankton jar,EtOH,
6,Penaeidae,Penaeidae,9.5,CL,,plankton jar,EtOH,
6,Penaeidae,Penaeidae,9.5,CL,,plankton jar,EtOH,
6,Penaeidae,Penaeidae,9.5,CL,,plankton jar,EtOH,
6,Penaeidae,Penaeidae,8.5,CL,,plankton jar,EtOH,
6,Penaeidae,Penaeidae,8.5,CL,,plankton jar,EtOH,
6,Penaeidae,Penaeidae,8.5,CL,,plankton jar,EtOH,
6,Penaeidae,Penaeidae,8.5,CL,,plankton jar,EtOH,
6,Penaeidae,Penaeidae,8.5,CL,,plankton jar,EtOH,
6,Penaeidae,Penaeidae,8.5,CL,,plankton jar,EtOH,
6,Penaeidae,Penaeidae,8.5,CL,,plankton jar,EtOH,
6,Penaeidae,Penaeidae,8.5,CL,,plankton jar,EtOH,
6,Penaeidae,Penaeidae,8.5,CL,,plankton jar,EtOH,
6,Penaeidae,Penaeidae,8.5,CL,,plankton jar,EtOH,
6,Penaeidae,Penaeidae,7.5,CL,,plankton jar,EtOH,
6,Penaeidae,Penaeidae,7.5,CL,,plankton jar,EtOH,
6,Penaeidae,Penaeidae,7.5,CL,,plankton jar,EtOH,
6,Penaeidae,Penaeidae,7.5,CL,,plankton jar,EtOH,
6,Penaeidae,Penaeidae,7.5,CL,,plankton jar,EtOH,
6,Penaeidae,Penaeidae,7.5,CL,,plankton jar,EtOH,
6,Sternoptychidae,Danaphos oculatus,31.28,SL,,AC,,
6,Sternoptychidae,Danaphos oculatus,33.11,SL,,AC,,
6,Sternoptychidae,Danaphos oculatus,33.12,SL,,AC,,
6,Sternoptychidae,Danaphos oculatus,31.16,SL,,AC,,
6,Serrivomeridae,Serrivomer sector,330,SL,,AC,,Total length
6,Serrivomeridae,Serrivomer sector,252,SL,,AC,,Total length
6,Myctophidae,Diaphus mollis,37.7,SL,,AC,,
6,Myctophidae,Diaphus effulgens,35.92,SL,,AC,,
6,Myctophidae,Diaphus effulgens,27.99,SL,,AC,,
6,Myctophidae,Diaphus brachycephalus,46.53,SL,,AC,,
6,Myctophidae,Diaphus brachycephalus,31.28,SL,,AC,,
6,Myctophidae,Ceratoscopelus warmingii,51.12,SL,,AC,,
6,Myctophidae,Ceratoscopelus warmingii,30.82,SL,,AC,,
6,Myctophidae,Ceratoscopelus warmingii,26.87,SL,,AC,,
6,Myctophidae,Ceratoscopelus warmingii,23.42,SL,,AC,,
6,Myctophidae,Ceratoscopelus warmingii,23.77,SL,,AC,,
6,Myctophidae,Nannobrachium spp.,70.52,SL,,AC,,
6,Myctophidae,Nannobrachium spp.,63.15,SL,,AC,,
6,Myctophidae,Nannobrachium spp.,56.6,SL,,AC,,
6,Myctophidae,Nannobrachium spp.,58.4,SL,,AC,,
6,Myctophidae,Nannobrachium spp.,43.4,SL,,AC,,
6,Idiacanthidae,Idiacanthus fasciola,95.72,SL,,AC,,
6,Myctophidae,Triphotorus nigrescens,33.34,SL,,AC,,
6,Myctophidae,Triphotorus nigrescens,31.7,SL,,AC,,
6,Myctophidae,Notolychnus valdiviae,22.16,SL,,AC,,
6,Myctophidae,Notolychnus valdiviae,23.45,SL,,AC,,
6,Myctophidae,Notolychnus valdiviae,20.39,SL,,AC,,
6,Myctophidae,Notolychnus valdiviae,21.21,SL,,AC,,
6,Myctophidae,Hygophum proximum,32.87,SL,,AC,,
6,Myctophidae,Hygophum proximum,22.39,SL,,AC,,
6,Myctophidae,Lampanyctus spp.,54.28,SL,,AC,,
6,Myctophidae,Lampanyctus spp.,50.16,SL,,AC,,
6,Myctophidae,Lampanyctus spp.,49.68,SL,,AC,,
6,Myctophidae,Lampanyctus spp.,48.14,SL,,AC,,
6,Myctophidae,Lampanyctus spp.,49.13,SL,,AC,,
6,Myctophidae,Centrobranchus andreae,26.6,SL,,SIO,freezer-vial 1,
6,Myctophidae,Lampanyctus-Nannobrachium,45.14,SL,,SIO,freezer-vial 1,
6,Myctophidae,Lampanyctus-Nannobrachium,39.95,SL,,SIO,freezer-vial 1,
6,Myctophidae,Lampanyctus-Nannobrachium,39.69,SL,,SIO,freezer-vial 1,
6,Myctophidae,Lampanyctus-Nannobrachium,28.39,SL,,SIO,freezer-vial 1,
6,Myctophidae,Lampanyctus-Nannobrachium,23.62,SL,,SIO,freezer-vial 1,
6,Idiacanthidae,Idiacanthus fasciola,71.84,SL,,SIO,freezer-vial 1,
6,Idiacanthidae,Idiacanthus fasciola,53.84,SL,,SIO,freezer-vial 1,
6,Myctophidae,Lampadena urophaos,24.73,SL,,SIO,freezer-vial 1,
6,Myctophidae,Lampadena urophaos,21.6,SL,,SIO,freezer-vial 1,
6,Myctophidae,Lampadena urophaos,20.39,SL,,SIO,freezer-vial 1,
6,Myctophidae,Lampadena urophaos,19.38,SL,,SIO,freezer-vial 1,
6,Myctophidae,Lampanyctus spp.,39.13,SL,,SIO,freezer-vial 2,
6,Myctophidae,Lampanyctus spp.,39.58,SL,,SIO,freezer-vial 2,
6,Myctophidae,Lampanyctus spp.,31.96,SL,,SIO,freezer-vial 2,
6,Myctophidae,Lampanyctus spp.,40.65,SL,,SIO,freezer-vial 2,
6,Myctophidae,Lampanyctus spp.,30.7,SL,,SIO,freezer-vial 2,
6,Myctophidae,Lampanyctus spp.,19.72,SL,,SIO,freezer-vial 2,
6,Myctophidae,Loweina interruptus,21.66,SL,,SIO,freezer-vial 2,
6,Myctophidae,Nannobrachium spp.,36.21,SL,,SIO,freezer-vial 2,
6,Myctophidae,Nannobrachium spp.,36.68,SL,,SIO,freezer-vial 2,
6,Paralepididae,Paralepididae,48.9,SL,,SIO,freezer-vial 2,
6,Diplophidae,Diplophidae,39.8,SL,,SIO,freezer-vial 2,
6,Sternoptychidae,Sternopyx sp.,16.61,SL,,SIO,freezer-vial 2,
6,Sternoptychidae,Sternopyx sp.,13.59,SL,,SIO,freezer-vial 2,
6,Sternoptychidae,Danaphos oculatus,17.67,SL,,SIO,freezer-vial 2,
6,Myctophidae,Ceratoscopelus warmingii,23,SL,,SIO,freezer-vial 2,
6,Myctophidae,Ceratoscopelus warmingii,23,SL,,SIO,freezer-vial 2,
6,Myctophidae,Ceratoscopelus warmingii,23,SL,,SIO,freezer-vial 2,
6,Myctophidae,Ceratoscopelus warmingii,23,SL,,SIO,freezer-vial 2,
6,Myctophidae,Ceratoscopelus warmingii,23,SL,,SIO,freezer-vial 2,
6,Myctophidae,Ceratoscopelus warmingii,23,SL,,SIO,freezer-vial 2,
6,Myctophidae,Ceratoscopelus warmingii,23,SL,,SIO,freezer-vial 2,
6,Myctophidae,Ceratoscopelus warmingii,17.45,SL,,SIO,freezer-vial 2,
6,Myctophidae,Unidentified Myctophid,19.09,SL,,SIO,freezer-vial 2,Hygophum or Myctophum
7,Caridea,Caridea,,CL,9.79,AC,,
7,Caridea,Caridea,,CL,6.85,AC,,
7,Mysidae,Gnathophausia,12.613216,CL,26.32,AC,,broken rostrum
7,Mysidae,Gnathophausia,13.35439,CL,27.3,AC,,
7,Euphausiacea,Euphausiacea,11.51,CL,,AC,,
7,Euphausiacea,Euphausiacea,10.92,CL,,AC,,
7,Euphausiacea,Euphausiacea,9,CL,,AC,,
7,Euphausiacea,Euphausiacea,8.38,CL,,AC,,
7,Euphausiacea,Euphausiacea,8.85,CL,,AC,,
7,Euphausiacea,Euphausiacea,8.5,CL,,plankton jar,EtOH,
7,Euphausiacea,Euphausiacea,8.5,CL,,plankton jar,EtOH,
7,Euphausiacea,Euphausiacea,8.5,CL,,plankton jar,EtOH,
7,Euphausiacea,Euphausiacea,8.5,CL,,plankton jar,EtOH,
7,Euphausiacea,Euphausiacea,8.5,CL,,plankton jar,EtOH,
7,Euphausiacea,Euphausiacea,8.5,CL,,plankton jar,EtOH,
7,Euphausiacea,Euphausiacea,8.5,CL,,plankton jar,EtOH,
7,Euphausiacea,Euphausiacea,7.5,CL,,plankton jar,EtOH,
7,Euphausiacea,Euphausiacea,7.5,CL,,plankton jar,EtOH,
7,Euphausiacea,Euphausiacea,7.5,CL,,plankton jar,EtOH,
7,Sergestidae,Sergestidae,20.55,CL,,AC,,
7,Sergestidae,Sergestidae,13.37,CL,,AC,,
7,Sergestidae,Sergestidae,10.9,CL,,AC,,
7,Sergestidae,Sergestidae,9.44,CL,,AC,,
7,Sergestidae,Sergestidae,10,CL,,AC,,
7,Sergestidae,Sergestidae,11.82,CL,,plankton jar,EtOH,
7,Sergestidae,Sergestidae,8.5,CL,,plankton jar,EtOH,
7,Sergestidae,Sergestidae,8.5,CL,,plankton jar,EtOH,
7,Sergestidae,Sergestidae,8.5,CL,,plankton jar,EtOH,
7,Sergestidae,Sergestidae,8.5,CL,,plankton jar,EtOH,
7,Sergestidae,Sergestidae,8.5,CL,,plankton jar,EtOH,
7,Sergestidae,Sergestidae,8.5,CL,,plankton jar,EtOH,
7,Sergestidae,Sergestidae,8.5,CL,,plankton jar,EtOH,
7,Sergestidae,Sergestidae,8.5,CL,,plankton jar,EtOH,
7,Sergestidae,Sergestidae,8.5,CL,,plankton jar,EtOH,
7,Penaeidae,Penaeidae,10.44,CL,,AC,,
7,Penaeidae,Penaeidae,10.28,CL,,AC,,
7,Penaeidae,Penaeidae,9.48,CL,,AC,,
7,Penaeidae,Penaeidae,9.87,CL,,AC,,
7,Penaeidae,Penaeidae,8.65,CL,,AC,,
7,Penaeidae,Penaeidae,8.5,CL,,plankton jar,EtOH,
7,Penaeidae,Penaeidae,8.5,CL,,plankton jar,EtOH,
7,Penaeidae,Penaeidae,8.5,CL,,plankton jar,EtOH,
7,Penaeidae,Penaeidae,8.5,CL,,plankton jar,EtOH,
7,Penaeidae,Penaeidae,7.5,CL,,plankton jar,EtOH,
7,Penaeidae,Penaeidae,7.5,CL,,plankton jar,EtOH,
7,Penaeidae,Penaeidae,7.5,CL,,plankton jar,EtOH,
7,Myctophidae,Bolinichthys longipes,40.35,SL,,AC,,
7,Myctophidae,Bolinichthys longipes,36.75,SL,,AC,,
7,Myctophidae,Bolinichthys longipes,37.91,SL,,AC,,
7,Myctophidae,Nannobrachium spp.,58.17,SL,,AC,,
7,Myctophidae,Nannobrachium spp.,37.18,SL,,AC,,
7,Myctophidae,Nannobrachium spp.,34.14,SL,,AC,,
7,Sternoptychidae,Argyropelecus hemigymnus,23.33,SL,,AC,,
7,Sternoptychidae,Argyropelecus hemigymnus,23.75,SL,,AC,,
7,Stomiidae,Bathophilus kingi,77.77,SL,,AC,,
7,Myctophidae,Diaphus effulgens,61.27,SL,,AC,,
7,Myctophidae,Diaphus mollis,50.12,SL,,AC,,
7,Myctophidae,Diaphus mollis,27.53,SL,,AC,,
7,Gonostomatidae,Cyclothone spp.,33.46,SL,,AC,,
7,Gonostomatidae,Cyclothone spp.,34.31,SL,,AC,,
7,Gonostomatidae,Cyclothone spp.,35.6,SL,,AC,,
7,Gonostomatidae,Cyclothone spp.,39,SL,,AC,,
7,Gonostomatidae,Cyclothone spp.,35.87,SL,,AC,,
7,Myctophidae,Triphotorus nigrescens,56.95,SL,,AC,,
7,Myctophidae,Triphotorus nigrescens,57.24,SL,,AC,,
7,Myctophidae,Triphotorus nigrescens,57.88,SL,,AC,,
7,Myctophidae,Triphotorus nigrescens,43.94,SL,,AC,,
7,Myctophidae,Triphotorus nigrescens,34.66,SL,,AC,,
7,Myctophidae,Ceratoscopelus warmingii,48.08,SL,,AC,,
7,Myctophidae,Ceratoscopelus warmingii,51.77,SL,,AC,,
7,Myctophidae,Ceratoscopelus warmingii,31.8,SL,,AC,,
7,Myctophidae,Ceratoscopelus warmingii,32.96,SL,,AC,,
7,Gonostomatidae,Gonostoma atlanticum,49.33,SL,,AC,,
7,Gonostomatidae,Gonostoma atlanticum,47.49,SL,,AC,,
7,Gonostomatidae,Gonostoma atlanticum,40.47,SL,,AC,,
7,Phosichthyidae,Vinciguerria nimbaria,35.04,SL,,AC,,
7,Phosichthyidae,Vinciguerria nimbaria,27.28,SL,,AC,,
7,Phosichthyidae,Vinciguerria nimbaria,26.71,SL,,AC,,
7,Phosichthyidae,Vinciguerria nimbaria,30.05,SL,,AC,,
7,Phosichthyidae,Vinciguerria nimbaria,24.54,SL,,AC,,
7,Myctophidae,Hygophum proximum,35,SL,,AC,,
7,Myctophidae,Hygophum proximum,37.37,SL,,AC,,
7,Myctophidae,Danaphos oculatus,32.54,SL,,AC,,
7,Myctophidae,Danaphos oculatus,35.51,SL,,AC,,
7,Myctophidae,Notolychnus valdiviae,23.71,SL,,AC,,
7,Myctophidae,Notolychnus valdiviae,22.75,SL,,AC,,
7,Myctophidae,Notolychnus valdiviae,23.91,SL,,AC,,
7,Myctophidae,Notolychnus valdiviae,24.31,SL,,AC,,
7,Myctophidae,Notolychnus valdiviae,23.46,SL,,AC,,
7,Myctophidae,Lampanyctus spp.,47.29,SL,,AC,,
7,Myctophidae,Lampanyctus spp.,47.19,SL,,AC,,
7,Myctophidae,Lampanyctus spp.,47.72,SL,,AC,,
7,Myctophidae,Lampanyctus spp.,44.35,SL,,AC,,
7,Myctophidae,Lampanyctus spp.,40.85,SL,,AC,,
7,Chiroteuthidae,Planktoteuthis sp. ,92.31,SL,,AC,,DML
7,,Periphylla periphylla,65,BD,,AC,,bell TL
7,Melamphaidae,Scopeloberyx sp. ,36.78,SL,,SIO ,freezer-vial 1,
7,Myctophidae,Lampanyctus spp.,42.5,SL,,SIO ,freezer-vial 1,
7,Myctophidae,Lampanyctus spp.,42.5,SL,,SIO ,freezer-vial 1,
7,Myctophidae,Lampanyctus spp.,42.5,SL,,SIO ,freezer-vial 1,
7,Myctophidae,Lampanyctus spp.,42.5,SL,,SIO ,freezer-vial 1,
7,Myctophidae,Lampanyctus spp.,42.5,SL,,SIO ,freezer-vial 1,
7,Myctophidae,Lampanyctus spp.,36,SL,,SIO ,freezer-vial 1,
7,Myctophidae,Lampanyctus spp.,36,SL,,SIO ,freezer-vial 1,
7,Myctophidae,Lampanyctus spp.,36,SL,,SIO ,freezer-vial 1,
7,Myctophidae,Lampanyctus spp.,36,SL,,SIO ,freezer-vial 1,
7,Myctophidae,Lampanyctus spp.,36,SL,,SIO ,freezer-vial 1,
7,Myctophidae,Lampanyctus spp.,36,SL,,SIO ,freezer-vial 1,
7,Myctophidae,Lampanyctus spp.,36,SL,,SIO ,freezer-vial 1,
7,Myctophidae,Lampanyctus spp.,36,SL,,SIO ,freezer-vial 1,
7,Myctophidae,Lampanyctus spp.,36,SL,,SIO ,freezer-vial 1,
7,Myctophidae,Lampanyctus spp.,30,SL,,SIO ,freezer-vial 1,
7,Myctophidae,Lampanyctus spp.,30,SL,,SIO ,freezer-vial 1,
7,Myctophidae,Lampanyctus spp.,30,SL,,SIO ,freezer-vial 1,
7,Myctophidae,Lampanyctus spp.,30,SL,,SIO ,freezer-vial 1,
7,Myctophidae,Lampanyctus spp.,30,SL,,SIO ,freezer-vial 1,
7,Myctophidae,Lampanyctus spp.,26,SL,,SIO ,freezer-vial 1,
7,Myctophidae,Lampanyctus spp.,26,SL,,SIO ,freezer-vial 1,
7,Myctophidae,Lampanyctus spp.,26,SL,,SIO ,freezer-vial 1,
7,Myctophidae,Lampanyctus spp.,26,SL,,SIO ,freezer-vial 1,
7,Myctophidae,Notolychnus valdiviae,20.5,SL,,SIO ,freezer-vial 1,
7,Myctophidae,Notolychnus valdiviae,20.5,SL,,SIO ,freezer-vial 1,
7,Myctophidae,Notolychnus valdiviae,20.5,SL,,SIO ,freezer-vial 1,
7,Myctophidae,Notolychnus valdiviae,20.5,SL,,SIO ,freezer-vial 1,
7,Myctophidae,Notolychnus valdiviae,20.5,SL,,SIO ,freezer-vial 1,
7,Myctophidae,Notolychnus valdiviae,20.5,SL,,SIO ,freezer-vial 1,
7,Myctophidae,Notolychnus valdiviae,20.5,SL,,SIO ,freezer-vial 1,
7,Myctophidae,Notolychnus valdiviae,20.5,SL,,SIO ,freezer-vial 1,
7,Myctophidae,Notolychnus valdiviae,20.5,SL,,SIO ,freezer-vial 1,
7,Myctophidae,Notolychnus valdiviae,20.5,SL,,SIO ,freezer-vial 1,
7,Myctophidae,Notolychnus valdiviae,23.5,SL,,SIO ,freezer-vial 1,
7,Myctophidae,Notolychnus valdiviae,23.5,SL,,SIO ,freezer-vial 1,
7,Sternoptychidae,Valencianellus tripunctulatus,24.96,SL,,SIO ,freezer-vial 1,
7,Gonostomatidae,Gonostoma atlanticum,29.56,SL,,SIO ,freezer-vial 1,
7,Gonostomatidae,Gonostoma atlanticum,30.75,SL,,SIO ,freezer-vial 1,
7,Gonostomatidae,Gonostoma atlanticum,35.25,SL,,SIO ,freezer-vial 1,
7,Myctophidae,Ceratoscopelus warmingii,29.6,SL,,SIO,freezer-vial 2,
7,Myctophidae,Ceratoscopelus warmingii,22.85,SL,,SIO,freezer-vial 2,
7,Myctophidae,Ceratoscopelus warmingii,23.5,SL,,SIO,freezer-vial 2,
7,Myctophidae,Ceratoscopelus warmingii,23.5,SL,,SIO,freezer-vial 2,
7,Myctophidae,Ceratoscopelus warmingii,23.5,SL,,SIO,freezer-vial 2,
7,Myctophidae,Ceratoscopelus warmingii,23.5,SL,,SIO,freezer-vial 2,
7,Myctophidae,Ceratoscopelus warmingii,23.5,SL,,SIO,freezer-vial 2,
7,Myctophidae,Ceratoscopelus warmingii,23.5,SL,,SIO,freezer-vial 2,
7,Myctophidae,Ceratoscopelus warmingii,23.5,SL,,SIO,freezer-vial 2,
7,Myctophidae,Diaphus sp.,14.15,SL,,SIO,freezer-vial 2,
7,Idiacanthidae,Idiacanthus antrostomus,97.58,SL,,SIO,freezer-vial 2,
7,Myctophidae,Triphotorus nigrescens,32.45,SL,,SIO,freezer-vial 2,
7,Myctophidae,Triphotorus nigrescens,29.44,SL,,SIO,freezer-vial 2,
7,Myctophidae,Triphotorus nigrescens,25.5,SL,,SIO,freezer-vial 2,
7,Myctophidae,Lampadena urophaos,26.18,SL,,SIO,freezer-vial 2,
7,Myctophidae,Nannobrachium spp.,43.1,SL,,SIO,freezer-vial 2,
7,Myctophidae,Nannobrachium spp.,47.18,SL,,SIO,freezer-vial 2,
7,Myctophidae,Nannobrachium spp.,32.18,SL,,SIO,freezer-vial 2,
7,Myctophidae,Nannobrachium spp.,32.47,SL,,SIO,freezer-vial 2,
7,Myctophidae,Nannobrachium spp.,24.5,SL,,SIO,freezer-vial 2,
7,Myctophidae,Nannobrachium spp.,24.5,SL,,SIO,freezer-vial 2,
7,Myctophidae,Nannobrachium spp.,24.5,SL,,SIO,freezer-vial 2,
7,Myctophidae,Nannobrachium spp.,24.5,SL,,SIO,freezer-vial 2,
7,Myctophidae,Nannobrachium spp.,28,SL,,SIO,freezer-vial 2,
7,Myctophidae,Nannobrachium spp.,28,SL,,SIO,freezer-vial 2,
7,Myctophidae,Nannobrachium spp.,28,SL,,SIO,freezer-vial 2,
7,Myctophidae,Nannobrachium spp.,28,SL,,SIO,freezer-vial 2,
7,Myctophidae,Nannobrachium spp.,28,SL,,SIO,freezer-vial 2,
7,Myctophidae,Nannobrachium spp.,28,SL,,SIO,freezer-vial 2,
7,Myctophidae,Bolinichthys longipes,23,SL,,SIO,freezer-vial 2,
7,Myctophidae,Bolinichthys longipes,23,SL,,SIO,freezer-vial 2,
7,Myctophidae,Bolinichthys longipes,23,SL,,SIO,freezer-vial 2,
7,Myctophidae,Bolinichthys longipes,23,SL,,SIO,freezer-vial 2,
7,Myctophidae,Bolinichthys longipes,25.5,SL,,SIO,freezer-vial 2,
7,Myctophidae,Bolinichthys longipes,25.5,SL,,SIO,freezer-vial 2,
7,Myctophidae,Bolinichthys longipes,25.5,SL,,SIO,freezer-vial 2,
7,Myctophidae,Bolinichthys longipes,25.5,SL,,SIO,freezer-vial 2,
8,Caridea,Caridea,,CL,16.03,AC,,
8,Caridea,Caridea,,CL,8.71,AC,,
8,Sergestidae,Sergestidae,17.2,CL,,AC,,
8,Sergestidae,Sergestidae,14.36,CL,,AC,,
8,Sergestidae,Sergestidae,10.58,CL,,AC,,
8,Sergestidae,Sergestidae,9.99,CL,,AC,,
8,Sergestidae,Sergestidae,8.55,CL,,AC,,
8,Sergestidae,Sergestidae,9.76,CL,,plankton jar,EtOH,
8,Sergestidae,Sergestidae,8.09,CL,,plankton jar,EtOH,
8,Sergestidae,Sergestidae,10.71,CL,,plankton jar,EtOH,
8,Euphausiacea,Euphausiacea,12.62,CL,,AC,,
8,Euphausiacea,Euphausiacea,9.06,CL,,AC,,
8,Euphausiacea,Euphausiacea,9.73,CL,,AC,,
8,Euphausiacea,Euphausiacea,8.91,CL,,AC,,
8,Euphausiacea,Euphausiacea,8.42,CL,,AC,,
8,Euphausiacea,Euphausiacea,7.5,CL,,plankton jar,EtOH,
8,Euphausiacea,Euphausiacea,7.5,CL,,plankton jar,EtOH,
8,Euphausiacea,Euphausiacea,7.5,CL,,plankton jar,EtOH,
8,Euphausiacea,Euphausiacea,7.5,CL,,plankton jar,EtOH,
8,Euphausiacea,Euphausiacea,7.5,CL,,plankton jar,EtOH,
8,Euphausiacea,Euphausiacea,7.5,CL,,plankton jar,EtOH,
8,Euphausiacea,Euphausiacea,7.5,CL,,plankton jar,EtOH,
8,Euphausiacea,Euphausiacea,7.5,CL,,plankton jar,EtOH,
8,Euphausiacea,Euphausiacea,7.5,CL,,plankton jar,EtOH,
8,Euphausiacea,Euphausiacea,6.4,CL,,plankton jar,EtOH,
8,Mysidae,Gnathophausia,12.613216,CL,26.32,AC,broken rostrum,
8,Mysidae,Gnathophausia,13.740103,CL,27.81,AC,,
8,Mysidae,Gnathophausia,9.013228,CL,21.56,AC,broken rostrum,
8,Mysidae,Gnathophausia,13.823296,CL,27.92,AC,,
8,Mysidae,Gnathophausia,12.991366,CL,26.82,AC,,
8,Penaeidae,Penaeidae,9.07,CL,,AC,,
8,Penaeidae,Penaeidae,10.3,CL,,AC,,
8,Penaeidae,Penaeidae,9.68,CL,,AC,,
8,Penaeidae,Penaeidae,9.05,CL,,AC,,
8,Penaeidae,Penaeidae,9.22,CL,,AC,,
8,Penaeidae,Penaeidae,7.5,CL,,plankton jar,EtOH,
8,Penaeidae,Penaeidae,7.5,CL,,plankton jar,EtOH,
8,Penaeidae,Penaeidae,7.5,CL,,plankton jar,EtOH,
8,Penaeidae,Penaeidae,8.5,CL,,plankton jar,EtOH,
8,Penaeidae,Penaeidae,8.5,CL,,plankton jar,EtOH,
8,Penaeidae,Penaeidae,8.5,CL,,plankton jar,EtOH,
8,Penaeidae,Penaeidae,8.5,CL,,plankton jar,EtOH,
8,Penaeidae,Penaeidae,8.5,CL,,plankton jar,EtOH,
8,Penaeidae,Penaeidae,8.5,CL,,plankton jar,EtOH,
8,Penaeidae,Penaeidae,8.5,CL,,plankton jar,EtOH,
8,Penaeidae,Penaeidae,8.5,CL,,plankton jar,EtOH,
8,Penaeidae,Penaeidae,8.5,CL,,plankton jar,EtOH,
8,Myctophidae,Diaphus brachycephalus,42.01,SL,,AC,,
8,Myctophidae,Diaphus brachycephalus,42.53,SL,,AC,,
8,Myctophidae,Diaphus brachycephalus,37.69,SL,,AC,,
8,Myctophidae,Diaphus brachycephalus,42.88,SL,,AC,,
8,Myctophidae,Diaphus brachycephalus,35.9,SL,,AC,,
8,Gonostomatidae,Sigmops eblingi,136.24,SL,,AC,,
8,Myctophidae,Myctophum lichnobium,54.89,SL,,AC,,
8,Myctophidae,Protomyctophum crockeri,37.85,SL,,SIO,freezer-vial 1,
8,Sternoptychidae,Danaphos oculatus,40.36,SL,,AC,,
8,Sternoptychidae,Danaphos oculatus,35.53,SL,,AC,,
8,Sternoptychidae,Danaphos oculatus,37.21,SL,,AC,,
8,Sternoptychidae,Danaphos oculatus,36.49,SL,,AC,,
8,Sternoptychidae,Danaphos oculatus,32.69,SL,,AC,,
8,Gonostomatidae,Cyclothone spp.,50.41,SL,,AC,,
8,Gonostomatidae,Cyclothone spp.,44.96,SL,,AC,,
8,Gonostomatidae,Cyclothone spp.,47.55,SL,,AC,,
8,Gonostomatidae,Cyclothone spp.,60.59,SL,,AC,,
8,Gonostomatidae,Cyclothone spp.,43.71,SL,,AC,,
8,Gonostomatidae,Cyclothone spp.,41.5,SL,,SIO,freezer-vial 1,
8,Gonostomatidae,Cyclothone spp.,41.5,SL,,SIO,freezer-vial 1,
8,Gonostomatidae,Cyclothone spp.,41.5,SL,,SIO,freezer-vial 1,
8,Gonostomatidae,Cyclothone spp.,41.5,SL,,SIO,freezer-vial 1,
8,Gonostomatidae,Cyclothone spp.,47,SL,,SIO,freezer-vial 1,
8,Gonostomatidae,Cyclothone spp.,37.5,SL,,SIO,freezer-vial 1,
8,Gonostomatidae,Cyclothone spp.,37.5,SL,,SIO,freezer-vial 1,
8,Gonostomatidae,Cyclothone spp.,37.5,SL,,SIO,freezer-vial 1,
8,Myctophidae,Lampanyctus spp.,50.38,SL,,AC,,
8,Myctophidae,Lampanyctus spp.,43.01,SL,,AC,,
8,Myctophidae,Lampanyctus spp.,40.07,SL,,AC,,
8,Myctophidae,Lampanyctus spp.,35.66,SL,,AC,,
8,Myctophidae,Lampanyctus spp.,32.07,SL,,AC,,
8,Myctophidae,Nannobrachium spp.,62.84,SL,,AC,,
8,Myctophidae,Nannobrachium spp.,52.29,SL,,AC,,
8,Myctophidae,Nannobrachium spp.,35.74,SL,,AC,,
8,Melamphaidae,Scopeloberyx sp.,63.28,SL,,AC,,
8,Sternoptychidae,Argyropelecus sladeni,52.22,SL,,AC,,
8,Sternoptychidae,Argyropelecus sladeni,46.88,SL,,AC,,
8,Serrivomeridae,Serrivomer sector,356,SL,,AC,,TL
8,Myctophidae,Diaphus mollis,33.2,SL,,AC,,
8,Myctophidae,Diaphus parri (?),39.83,SL,,AC,,
8,Myctophidae,Taaningichthys minimus,42.31,SL,,AC,,
8,Myctophidae,Taaningichthys minimus,39.87,SL,,AC,,
8,Myctophidae,Taaningichthys minimus,23.48,SL,,AC,,
8,Myctophidae,Triphotorus nigrescens,36.75,SL,,AC,,
8,Myctophidae,Notolychnus valdiviae,22.34,SL,,AC,,
8,Myctophidae,Notolychnus valdiviae,23.87,SL,,AC,,
8,Myctophidae,Notolychnus valdiviae,22.32,SL,,AC,,
8,Myctophidae,Notolychnus valdiviae,22.2,SL,,AC,,
8,Myctophidae,Notolychnus valdiviae,22.56,SL,,AC,,
8,Myctophidae,Bolinichthys longipes,23.57,SL,,SIO,freezer-vial 1,
8,Myctophidae,Ceratoscopelus warmingii,23.59,SL,,AC,,
8,Myctophidae,Ceratoscopelus warmingii,23.13,SL,,AC,,
8,Myctophidae,Ceratoscopelus warmingii,23.09,SL,,AC,,
8,Myctophidae,Lampanyctus-Nannobrachium,34.95,SL,,SIO,freezer-vial 1,
8,Myctophidae,Lampanyctus-Nannobrachium,39.69,SL,,SIO,freezer-vial 1,
8,Myctophidae,Lampanyctus-Nannobrachium,30.94,SL,,SIO,freezer-vial 1,
8,Myctophidae,Lampanyctus-Nannobrachium,52.34,SL,,SIO,freezer-vial 1,
8,Myctophidae,Lampanyctus-Nannobrachium,31.14,SL,,SIO,freezer-vial 1,
8,Paralepididae,Paralepididae,46.33,SL,,SIO,freezer-vial 1,
8,Paralepididae,Paralepididae,35.52,SL,,SIO,freezer-vial 1,
8,Myctophidae,Diaphus parri (?),28.85,SL,,SIO,freezer-vial 1,
8,Myctophidae,Diaphus parri (?),21.63,SL,,SIO,freezer-vial 1,
8,Phosichthyidae,Vinciguerria nimbaria,23.37,SL,,AC,,
8,Melanostomiidae,Melanostomiidae,58.76,SL,,SIO,freezer-vial 2,
8,Myctophidae,Lampanyctus spp.,34.1,SL,,SIO,freezer-vial 2,
8,Myctophidae,Lampanyctus spp.,28.18,SL,,SIO,freezer-vial 2,
8,Myctophidae,Lampanyctus spp.,28.84,SL,,SIO,freezer-vial 2,
8,Myctophidae,Lampanyctus spp.,29.44,SL,,SIO,freezer-vial 2,
8,Myctophidae,Lampanyctus spp.,26.88,SL,,SIO,freezer-vial 2,
8,Myctophidae,Notolychnus valdiviae,21,SL,,SIO,freezer-vial 2,
8,Myctophidae,Notolychnus valdiviae,21,SL,,SIO,freezer-vial 2,
8,Myctophidae,Notolychnus valdiviae,21,SL,,SIO,freezer-vial 2,
8,Myctophidae,Notolychnus valdiviae,21,SL,,SIO,freezer-vial 2,
8,Myctophidae,Notolychnus valdiviae,21,SL,,SIO,freezer-vial 2,
8,Myctophidae,Notolychnus valdiviae,21,SL,,SIO,freezer-vial 2,
8,Myctophidae,Notolychnus valdiviae,21,SL,,SIO,freezer-vial 2,
8,Myctophidae,Ceratoscopelus warmingii,23.5,SL,,SIO,freezer-vial 2,
8,Myctophidae,Ceratoscopelus warmingii,23.5,SL,,SIO,freezer-vial 2,
8,Myctophidae,Ceratoscopelus warmingii,23.5,SL,,SIO,freezer-vial 2,
8,Myctophidae,Ceratoscopelus warmingii,23.5,SL,,SIO,freezer-vial 2,
8,Myctophidae,Ceratoscopelus warmingii,23.5,SL,,SIO,freezer-vial 2,
8,Myctophidae,Ceratoscopelus warmingii,27.87,SL,,SIO,freezer-vial 2,5 PRCs on 1 side
8,Myctophidae,Ceratoscopelus warmingii,23.01,SL,,SIO,freezer-vial 2,5 PRCs on 1 side
8,Myctophidae,Diaphus sp.,24.64,SL,,SIO,freezer-vial 2,
8,Myctophidae,Diaphus sp.,26.49,SL,,SIO,freezer-vial 2,
8,Myctophidae,Diaphus sp.,20.28,SL,,SIO,freezer-vial 2,
8,Idiacanthidae,Idiacanthus sp.,116.68,SL,,SIO,freezer-vial 2,
8,Idiacanthidae,Idiacanthus sp.,44.45,SL,,SIO,freezer-vial 2,
8,Idiacanthidae,Idiacanthus sp.,56.75,SL,,SIO,freezer-vial 2,
8,Hyperiidae,Streetsia sp.,35.73,TL,,SIO,freezer-vial 2,
8,Hyperiidae,Streetsia sp.,36.18,TL,,EP,EtOH,
8,Hyperiidae,Streetsia sp.,26.04,TL,,EP,EtOH,
8,Hyperiidae,Phrosina semilunata,18.98,TL,,EP,EtOH,
8,Hyperiidae,Phrosina semilunata,21.12,TL,,EP,EtOH,
8,Hyperiidae,Phrosina semilunata,16.68,TL,,EP,EtOH,
8,Hyperiidae,Phrosina semilunata,18.4,TL,,EP,EtOH,
8,Hyperiidae,Phrosina semilunata,18.72,TL,,EP,EtOH,
8,Hyperiidae,Phrosina semilunata,11.74,TL,,EP,EtOH,
8,Hyperiidae,Platyscelus ovoides,17.81,TL,,EP,EtOH,
8,Hyperiidae,Platyscelus armatus,14.57,TL,,EP,EtOH,
8,Lysanassoidea,"""Hirondellea""",18.61,TL,,EP,EtOH,
8,Hyperiidae,Phronima sedentaria,23.42,TL,,EP,EtOH,
9,,Atolla sp. 1,93.74,BD,,MBARI,,
9,,Atolla sp. 2,30.04,BD,,MBARI,,
9,Mysidae,Gnathophausia,44.29,CL,63.04,AC,,
9,Mysidae,Gnathophausia,34.32,CL,56.06,AC,,
9,Mysidae,Gnathophausia,30.95,CL,52.77,AC,,
9,Mysidae,Gnathophausia,30.82,CL,47.26,AC,,
9,Mysidae,Gnathophausia,28.75,CL,49.51,AC,,
9,Mysidae,Gnathophausia,17.28,CL,26.9,plankton jar,,
9,Mysidae,Gnathophausia,15.6,CL,26.29,plankton jar,,
9,Mysidae,Gnathophausia,16.16,CL,34.51,plankton jar,,
9,Mysidae,Gnathophausia,13.73,CL,27.76,plankton jar,,
9,Mysidae,Gnathophausia,11.07,CL,27.64,plankton jar,,
9,Caridea,Oplophoridae,16.86,CL,37.91,AC,,
9,Caridea,Caridea,10.05,CL,20.19,AC,,
9,Caridea,Caridea,8.23,CL,26.03,AC,,
9,Sergestidae,Sergestidae,17.31,CL,,AC,,
9,Sergestidae,Sergestidae,18.89,CL,,AC,,
9,Sergestidae,Sergestidae,15.69,CL,,AC,,
9,Sergestidae,Sergestidae,12.94,CL,,AC,,
9,Sergestidae,Sergestidae,9.71,CL,,AC,,
9,Sergestidae,Sergestidae,12.5,CL,,plankton jar,,
9,Sergestidae,Sergestidae,12.5,CL,,plankton jar,,
9,Sergestidae,Sergestidae,12.5,CL,,plankton jar,,
9,Sergestidae,Sergestidae,12.5,CL,,plankton jar,,
9,Sergestidae,Sergestidae,12.5,CL,,plankton jar,,
9,Sergestidae,Sergestidae,12.5,CL,,plankton jar,,
9,Sergestidae,Sergestidae,10.5,CL,,plankton jar,,
9,Sergestidae,Sergestidae,10.5,CL,,plankton jar,,
9,Sergestidae,Sergestidae,10.5,CL,,plankton jar,,
9,Sergestidae,Sergestidae,10.5,CL,,plankton jar,,
9,Sergestidae,Sergestidae,9.5,CL,,plankton jar,,
9,Sergestidae,Sergestidae,9.5,CL,,plankton jar,,
9,Sergestidae,Sergestidae,9.5,CL,,plankton jar,,
9,Sergestidae,Sergestidae,9.5,CL,,plankton jar,,
9,Sergestidae,Sergestidae,9.5,CL,,plankton jar,,
9,Euphausiacea,Euphausiacea,11.8,CL,,AC,,
9,Euphausiacea,Euphausiacea,9.85,CL,,AC,,
9,Euphausiacea,Euphausiacea,8.67,CL,,AC,,
9,Euphausiacea,Euphausiacea,8.49,CL,,AC,,
9,Euphausiacea,Euphausiacea,8.06,CL,,AC,,
9,Euphausiacea,Euphausiacea,7.2,CL,,plankton jar,,
9,Penaeidae,Penaeidae,12.08,CL,,AC,,
9,Penaeidae,Penaeidae,10.26,CL,,AC,,
9,Penaeidae,Penaeidae,9.75,CL,,AC,,
9,Penaeidae,Penaeidae,9.63,CL,,AC,,
9,Penaeidae,Penaeidae,9.03,CL,,AC,,
9,Penaeidae,Penaeidae,8.5,CL,,plankton jar,,
9,Penaeidae,Penaeidae,8.5,CL,,plankton jar,,
9,Penaeidae,Penaeidae,8.5,CL,,plankton jar,,
9,Penaeidae,Penaeidae,8.5,CL,,plankton jar,,
9,Penaeidae,Penaeidae,8.5,CL,,plankton jar,,
9,Penaeidae,Penaeidae,8.5,CL,,plankton jar,,
9,Penaeidae,Penaeidae,8.5,CL,,plankton jar,,
9,Penaeidae,Penaeidae,8.5,CL,,plankton jar,,
9,Penaeidae,Penaeidae,8.5,CL,,plankton jar,,
9,Penaeidae,Penaeidae,8.5,CL,,plankton jar,,
9,Penaeidae,Penaeidae,8.5,CL,,plankton jar,,
9,Penaeidae,Penaeidae,7.5,CL,,plankton jar,,
9,Penaeidae,Penaeidae,7.5,CL,,plankton jar,,
9,Penaeidae,Penaeidae,7.5,CL,,plankton jar,,
9,Penaeidae,Penaeidae,7.5,CL,,plankton jar,,
9,Penaeidae,Penaeidae,7.5,CL,,plankton jar,,
9,Penaeidae,Penaeidae,7.5,CL,,plankton jar,,
9,Penaeidae,Penaeidae,7.5,CL,,plankton jar,,
9,Penaeidae,Penaeidae,7.5,CL,,plankton jar,,
9,Penaeidae,Penaeidae,7.5,CL,,plankton jar,,
9,Penaeidae,Penaeidae,7.5,CL,,plankton jar,,
9,Penaeidae,Penaeidae,7.5,CL,,plankton jar,,
9,Penaeidae,Penaeidae,7.5,CL,,plankton jar,,
9,Penaeidae,Penaeidae,7.5,CL,,plankton jar,,
9,Penaeidae,Penaeidae,7.5,CL,,plankton jar,,
9,Penaeidae,Penaeidae,7.5,CL,,plankton jar,,
9,Penaeidae,Penaeidae,7.5,CL,,plankton jar,,
9,Penaeidae,Penaeidae,7.5,CL,,plankton jar,,
9,Penaeidae,Penaeidae,7.5,CL,,plankton jar,,
9,Penaeidae,Penaeidae,7.5,CL,,plankton jar,,
9,Penaeidae,Penaeidae,7.5,CL,,plankton jar,,
9,Gonostomatidae,Cyclothone spp.,47.5,SL,,AC,,
9,Gonostomatidae,Cyclothone spp.,42.45,SL,,AC,,
9,Gonostomatidae,Cyclothone spp.,38.19,SL,,AC,,
9,Gonostomatidae,Cyclothone spp.,36.5,SL,,AC,,
9,Gonostomatidae,Cyclothone spp.,36.67,SL,,AC,,
9,Gonostomatidae,Cyclothone spp.,NA,SL,,SIO,,
9,Gonostomatidae,Cyclothone spp.,NA,SL,,SIO,,
9,Gonostomatidae,Cyclothone spp.,NA,SL,,SIO,,
9,Gonostomatidae,Cyclothone spp.,NA,SL,,SIO,,
9,Gonostomatidae,Cyclothone spp.,NA,SL,,SIO,,
9,Myctophidae,Diaphus brachycephalus,42.51,SL,,AC,,
9,Myctophidae,Diaphus mollis,34.46,SL,,AC,,
9,Myctophidae,Ceratoscopelus warmingii,31.9,SL,,AC,,
9,Idiacanthidae,Idiacanthus fasciola,197,SL,,AC,,
9,Idiacanthidae,Idiacanthus fasciola,201,SL,,AC,,
9,Sternoptychidae,Argyropelecus affinis,47.45,SL,,AC,,
9,Phosichthyidae,Vinciguerria nimbaria,40.19,SL,,AC,,
9,Phosichthyidae,Vinciguerria nimbaria,33.39,SL,,AC,,
9,Phosichthyidae,Vinciguerria nimbaria,29.32,SL,,AC,,
9,Myctophidae,Nannobrachium spp.,68.4,SL,,AC,,
9,Myctophidae,Nannobrachium spp.,62.94,SL,,AC,,
9,Myctophidae,Nannobrachium spp.,62.24,SL,,AC,,
9,Myctophidae,Nannobrachium spp.,53.09,SL,,AC,,
9,Myctophidae,Nannobrachium spp.,51.58,SL,,AC,,
9,Myctophidae,Lampanyctus spp.,50.86,SL,,AC,,
9,Myctophidae,Lampanyctus spp.,48.6,SL,,AC,,
9,Myctophidae,Lampanyctus spp.,48.94,SL,,AC,,
9,Myctophidae,Lampanyctus spp.,49.69,SL,,AC,,
9,Myctophidae,Lampanyctus spp.,47.39,SL,,AC,,
9,Sternoptychidae,Danaphos oculatus,45.36,SL,,AC,,
9,Sternoptychidae,Danaphos oculatus,37.09,SL,,AC,,
9,Sternoptychidae,Danaphos oculatus,31.08,SL,,AC,,
9,Myctophidae,Notolychnus valdiviae,21.82,SL,,AC,,
9,Myctophidae,Notolychnus valdiviae,21.85,SL,,AC,,
9,Myctophidae,Notolychnus valdiviae,22.48,SL,,AC,,
9,Melamphaidae,Melamphaidae,53.73,SL,,AC,,
9,Amphipoda,Amphipoda,32.43,TL,,EP,,
9,Hyperiidae,Streetsia sp.,31.74,TL,,EP,,
9,Hyperiidae,Streetsia sp.,NA,TL,,EP,,
9,Hyperiidae,Phrosina semilunata,19.22,TL,,EP,,
9,Hyperiidae,Phrosina semilunata,19.24,TL,,EP,,
9,Hyperiidae,Phrosina semilunata,19.94,TL,,EP,,
9,Lysanassoidea,"""Hirondellea""",18.25,TL,,EP,,
9,Lysanassoidea,"""Hirondellea""",20.37,TL,,EP,,
9,Lysanassoidea,"""Hirondellea""",15.26,TL,,EP,,
9,Hyperiidae,Brachyscelus sp.,17.58,TL,,EP,,
9,Amphipoda,Amphipoda,18.27,TL,,EP,,
9,Gempylidae,Gempylidae,52.66,SL,,SIO,,
9,Gempylidae,Gempylidae,34.48,SL,,SIO,,
9,Gempylidae,Gempylidae,26.55,SL,,SIO,,
9,Gempylidae,Gempylidae,27.17,SL,,SIO,,
9,Myctophidae,Nannobrachium spp.,54.85,SL,,SIO,,
9,Myctophidae,Nannobrachium spp.,52.09,SL,,SIO,,
9,Myctophidae,Nannobrachium spp.,44.8,SL,,SIO,,
9,Myctophidae,Nannobrachium spp.,39.35,SL,,SIO,,
9,Myctophidae,Nannobrachium spp.,41.37,SL,,SIO,,
9,Myctophidae,Nannobrachium spp.,38.05,SL,,SIO,,
9,Myctophidae,Nannobrachium spp.,34.56,SL,,SIO,,
9,Myctophidae,Nannobrachium spp.,38.99,SL,,SIO,,
9,Phosichthyidae,Vinciguerria nimbaria,33.5,SL,,SIO,,
9,Phosichthyidae,Vinciguerria nimbaria,33.5,SL,,SIO,,
9,Phosichthyidae,Vinciguerria nimbaria,31.5,SL,,SIO,,
9,Phosichthyidae,Vinciguerria nimbaria,31.5,SL,,SIO,,
9,Phosichthyidae,Vinciguerria nimbaria,31.5,SL,,SIO,,
9,Phosichthyidae,Vinciguerria nimbaria,25.5,SL,,SIO,,
9,Phosichthyidae,Vinciguerria nimbaria,25.5,SL,,SIO,,
9,Phosichthyidae,Vinciguerria nimbaria,25.5,SL,,SIO,,
9,Phosichthyidae,Vinciguerria nimbaria,23,SL,,SIO,,
9,Phosichthyidae,Vinciguerria nimbaria,23,SL,,SIO,,
9,Phosichthyidae,Vinciguerria nimbaria,23,SL,,SIO,,
9,Myctophidae,Bolinichthys longipes,34.17,SL,,SIO,,
9,Myctophidae,Bolinichthys longipes,34.17,SL,,SIO,,
9,Myctophidae,Diaphus parri (?),38.56,SL,,SIO,,
9,Gonostomatidae,Sigmops eblingi,32.34,SL,,SIO,,
9,Myctophidae,Hygophum proximum,27.18,SL,,SIO,,
9,Myctophidae,Lampanyctus spp.,48.57,SL,,SIO,,
9,Myctophidae,Lampanyctus spp.,27.77,SL,,SIO,,
9,Myctophidae,Lampanyctus spp.,24.97,SL,,SIO,,
9,Myctophidae,Lampanyctus spp.,33,SL,,SIO,,
9,Myctophidae,Lampanyctus spp.,33,SL,,SIO,,
9,Myctophidae,Lampanyctus spp.,33,SL,,SIO,,
9,Myctophidae,Lampanyctus spp.,39.43,SL,,SIO,,
9,Myctophidae,Lampanyctus spp.,35.5,SL,,SIO,,
9,Myctophidae,Lampanyctus spp.,35.5,SL,,SIO,,
9,Myctophidae,Lampanyctus spp.,35.5,SL,,SIO,,
9,Myctophidae,Lampanyctus spp.,35.5,SL,,SIO,,
9,Myctophidae,Lampanyctus spp.,35.5,SL,,SIO,,
9,Myctophidae,Lampanyctus spp.,35.5,SL,,SIO,,
9,Myctophidae,Lampanyctus spp.,35.5,SL,,SIO,,
9,Myctophidae,Lampanyctus spp.,30.5,SL,,SIO,,
9,Myctophidae,Lampanyctus spp.,30.5,SL,,SIO,,
9,Myctophidae,Lampanyctus spp.,30.5,SL,,SIO,,
9,Myctophidae,Lampanyctus spp.,20.5,SL,,SIO,,
9,Myctophidae,Lampanyctus spp.,20.5,SL,,SIO,,
9,Myctophidae,Diogenichthys atlanticus,20.31,SL,,SIO,,
9,Myctophidae,Diogenichthys atlanticus,19.86,SL,,SIO,,
9,Myctophidae,Diogenichthys atlanticus,17.73,SL,,SIO,,
9,Myctophidae,Loewina laurae,29.77,SL,,SIO,,
9,Bramidae,Pteraclis aesticola,18.01,SL,,SIO,,
9,Sternoptychidae,Argyropelecus hemigymnus,17.23,SL,,SIO,,
9,Myctophidae,Ceratoscopelus warmingii,22.5,SL,,SIO,,
9,Myctophidae,Ceratoscopelus warmingii,22.5,SL,,SIO,,
9,Myctophidae,Ceratoscopelus warmingii,22.5,SL,,SIO,,
9,Myctophidae,Ceratoscopelus warmingii,22.5,SL,,SIO,,
9,Myctophidae,Ceratoscopelus warmingii,22.5,SL,,SIO,,
9,Myctophidae,Ceratoscopelus warmingii,22.5,SL,,SIO,,
9,Myctophidae,Ceratoscopelus warmingii,22.5,SL,,SIO,,
9,Myctophidae,Ceratoscopelus warmingii,22.5,SL,,SIO,,
9,Myctophidae,Ceratoscopelus warmingii,22.5,SL,,SIO,,
9,Myctophidae,Ceratoscopelus warmingii,22.5,SL,,SIO,,
9,Myctophidae,Ceratoscopelus warmingii,23.5,SL,,SIO,,
9,Myctophidae,Ceratoscopelus warmingii,23.5,SL,,SIO,,
9,Myctophidae,Ceratoscopelus warmingii,23.5,SL,,SIO,,
9,Myctophidae,Ceratoscopelus warmingii,23.5,SL,,SIO,,
9,Myctophidae,Ceratoscopelus warmingii,23.5,SL,,SIO,,
9,Melamphaidae,Melamphaidae,23.6,SL,,SIO,,
9,Idiacanthidae,Idiacanthus fasciola,90.15,SL,,SIO,,
9,Myctophidae,Notolychnus valdiviae,18.5,SL,,SIO,,
9,Myctophidae,Notolychnus valdiviae,18.5,SL,,SIO,,
9,Myctophidae,Notolychnus valdiviae,20.5,SL,,SIO,,
9,Myctophidae,Notolychnus valdiviae,20.5,SL,,SIO,,
9,Gonostomatidae,Cyclothone spp.,31.92,SL,,SIO,,
9,Gonostomatidae,Cyclothone spp.,35.65,SL,,SIO,,
9,Gonostomatidae,Cyclothone spp.,36.02,SL,,SIO,,
9,Gonostomatidae,Cyclothone spp.,32.34,SL,,SIO,,
9,Gonostomatidae,Cyclothone spp.,39.31,SL,,SIO,,
9,Myctophidae,Lampanyctus-Nannobrachium,29.12,SL,,SIO,,
9,Myctophidae,Lampanyctus-Nannobrachium,30.57,SL,,SIO,,
10,Pyroteuthidae,Pyroteuthis addolux,23.57,ML,,AC,,
10,Myctophidae,Diaphus effulgens,35.15,SL,,AC,,
10,Myctophidae,Diaphus brachycephalus,39.73,SL,,AC,,
10,Myctophidae,Diaphus brachycephalus,28.2,SL,,AC,,
10,Myctophidae,Hygophum proximum,40.37,SL,,AC,,
10,Phosichthyidae,Vinciguerria nimbaria,26.84,SL,,AC,,
10,Phosichthyidae,Vinciguerria nimbaria,24.07,SL,,AC,,
10,Phosichthyidae,Vinciguerria nimbaria,24.07,SL,,AC,,
10,Myctophidae,Lampanyctus spp.,72.92,SL,,AC,,
10,Myctophidae,Lampanyctus spp.,50.5,SL,,AC,,
10,Myctophidae,Lampanyctus spp.,48.02,SL,,AC,,
10,Myctophidae,Lampanyctus spp.,47.51,SL,,AC,,
10,Myctophidae,Lampanyctus spp.,44.62,SL,,AC,,
10,Myctophidae,Nannobrachium spp.,68.1,SL,,AC,,
10,Myctophidae,Nannobrachium spp.,56.98,SL,,AC,,
10,Myctophidae,Nannobrachium spp.,53.58,SL,,AC,,
10,Myctophidae,Nannobrachium spp.,47.5,SL,,AC,,
10,Myctophidae,Nannobrachium spp.,47.71,SL,,AC,,
10,Myctophidae,Ceratoscopelus warmingii,60.21,SL,,AC,,
10,Myctophidae,Ceratoscopelus warmingii,57.9,SL,,AC,,
10,Myctophidae,Ceratoscopelus warmingii,35.08,SL,,AC,,
10,Sternoptychidae,Valencianellus tripunctulatus,23.41,SL,,AC,,
10,Myctophidae,Notolychnus valdiviae,23.34,SL,,AC,,
10,Myctophidae,Notolychnus valdiviae,24.1,SL,,AC,,
10,Myctophidae,Notolychnus valdiviae,23,SL,,AC,,
10,Sergestidae,Sergestidae,14.4,CL,,AC,,
10,Sergestidae,Sergestidae,12.22,CL,,AC,,
10,Sergestidae,Sergestidae,12.51,CL,,AC,,
10,Sergestidae,Sergestidae,9.23,CL,,plankton jar,,
10,Sergestidae,Sergestidae,8.44,CL,,plankton jar,,
10,Sergestidae,Sergestidae,8.25,CL,,plankton jar,,
10,Sergestidae,Sergestidae,7.9,CL,,plankton jar,,
10,Sergestidae,Sergestidae,8.39,CL,,plankton jar,,
10,Euphausiacea,Euphausiacea,8.73,CL,,AC,,
10,Euphausiacea,Euphausiacea,8.23,CL,,AC,,
10,Euphausiacea,Euphausiacea,8.42,CL,,AC,,
10,Euphausiacea,Euphausiacea,6.36,CL,,plankton jar,,
10,Euphausiacea,Euphausiacea,9.19,CL,,plankton jar,,
10,Euphausiacea,Euphausiacea,8.7,CL,,plankton jar,,
10,Penaeidae,Penaeidae,8.4,CL,,AC,,
10,Penaeidae,Penaeidae,8.44,CL,,AC,,
10,Penaeidae,Penaeidae,7.13,CL,,AC,,
10,Penaeidae,Penaeidae,7.5,CL,,plankton jar,,
10,Penaeidae,Penaeidae,7.5,CL,,plankton jar,,
10,Penaeidae,Penaeidae,7.5,CL,,plankton jar,,
10,Penaeidae,Penaeidae,7.5,CL,,plankton jar,,
10,Penaeidae,Penaeidae,6.5,CL,,plankton jar,,
10,Penaeidae,Penaeidae,6.5,CL,,plankton jar,,
10,Penaeidae,Penaeidae,6.5,CL,,plankton jar,,
10,Penaeidae,Penaeidae,6.5,CL,,plankton jar,,
10,Penaeidae,Penaeidae,6.5,CL,,plankton jar,,
10,Penaeidae,Penaeidae,6.5,CL,,plankton jar,,
10,Myctophidae,Lampanyctus spp.,42.25,SL,,SIO,,
10,Myctophidae,Lampanyctus spp.,42.25,SL,,SIO,,
10,Myctophidae,Lampanyctus spp.,42.25,SL,,SIO,,
10,Myctophidae,Lampanyctus spp.,42.25,SL,,SIO,,
10,Myctophidae,Lampanyctus spp.,37,SL,,SIO,,
10,Myctophidae,Lampanyctus spp.,37,SL,,SIO,,
10,Myctophidae,Lampanyctus spp.,37,SL,,SIO,,
10,Myctophidae,Lampanyctus spp.,37,SL,,SIO,,
10,Myctophidae,Lampanyctus spp.,37,SL,,SIO,,
10,Myctophidae,Lampanyctus spp.,33,SL,,SIO,,
10,Myctophidae,Lampanyctus spp.,33,SL,,SIO,,
10,Myctophidae,Lampanyctus spp.,33,SL,,SIO,,
10,Myctophidae,Lampanyctus spp.,33,SL,,SIO,,
10,Myctophidae,Lampanyctus spp.,33,SL,,SIO,,
10,Myctophidae,Lampanyctus spp.,28.5,SL,,SIO,,
10,Myctophidae,Lampanyctus spp.,28.5,SL,,SIO,,
10,Myctophidae,Ceratoscopelus warmingii,24.5,SL,,SIO,,
10,Myctophidae,Ceratoscopelus warmingii,24.5,SL,,SIO,,
10,Myctophidae,Ceratoscopelus warmingii,24.5,SL,,SIO,,
10,Myctophidae,Ceratoscopelus warmingii,24.5,SL,,SIO,,
10,Myctophidae,Ceratoscopelus warmingii,22.5,SL,,SIO,,
10,Myctophidae,Ceratoscopelus warmingii,22.5,SL,,SIO,,
10,Myctophidae,Ceratoscopelus warmingii,22.5,SL,,SIO,,
10,Myctophidae,Ceratoscopelus warmingii,22.5,SL,,SIO,,
10,Myctophidae,Ceratoscopelus warmingii,22.5,SL,,SIO,,
10,Myctophidae,Ceratoscopelus warmingii,22.5,SL,,SIO,,
10,Myctophidae,Ceratoscopelus warmingii,34.29,SL,,SIO,,
10,Myctophidae,Ceratoscopelus warmingii,30.4,SL,,SIO,,
10,Myctophidae,Ceratoscopelus warmingii,27.25,SL,,SIO,,
10,Myctophidae,Diaphus parri (?),34.63,SL,,SIO,,
10,Myctophidae,Diaphus mollis,21.62,SL,,SIO,,
10,Myctophidae,Nannobrachium spp.,40.5,SL,,SIO,,
10,Myctophidae,Nannobrachium spp.,40.5,SL,,SIO,,
10,Myctophidae,Nannobrachium spp.,37.5,SL,,SIO,,
10,Myctophidae,Nannobrachium spp.,37.5,SL,,SIO,,
10,Myctophidae,Nannobrachium spp.,37.5,SL,,SIO,,
10,Myctophidae,Nannobrachium spp.,37.5,SL,,SIO,,
10,Myctophidae,Nannobrachium spp.,37.5,SL,,SIO,,
10,Myctophidae,Nannobrachium spp.,33.5,SL,,SIO,,
10,Paralepididae,Paralepididae,52.12,SL,,SIO,,
10,Myctophidae,Lampadena urophaos,28.06,SL,,SIO,,
10,Myctophidae,Lampadena urophaos,25.63,SL,,SIO,,
10,Myctophidae,Lampadena urophaos,22.06,SL,,SIO,,
10,Myctophidae,Lampadena urophaos,22.56,SL,,SIO,,
10,Myctophidae,Lampadena urophaos,21,SL,,SIO,,
10,Gonostomatidae,Gonostoma atlanticum,31.66,SL,,SIO,,
10,Gonostomatidae,Sigmops sp.,27.67,SL,,SIO,,
10,Scomberosocidae,Scomberosocidae,44.17,SL,,SIO,,
10,Myctophidae,Triphotorus nigrescens,31.44,SL,,SIO,,
10,Myctophidae,Triphotorus nigrescens,32.21,SL,,SIO,,
10,Myctophidae,Notolychnus valdiviae,24.19,SL,,SIO,,
10,Myctophidae,Notolychnus valdiviae,17.37,SL,,SIO,,
10,Myctophidae,Notolychnus valdiviae,21.5,SL,,SIO,,
10,Myctophidae,Notolychnus valdiviae,21.5,SL,,SIO,,
10,Myctophidae,Notolychnus valdiviae,21.5,SL,,SIO,,
10,Myctophidae,Notolychnus valdiviae,21.5,SL,,SIO,,
10,Myctophidae,Notolychnus valdiviae,21.5,SL,,SIO,,
10,Myctophidae,Notolychnus valdiviae,21.5,SL,,SIO,,
10,Myctophidae,Notolychnus valdiviae,19.5,SL,,SIO,,
10,Myctophidae,Notolychnus valdiviae,19.5,SL,,SIO,,
10,Myctophidae,Notolychnus valdiviae,19.5,SL,,SIO,,
11,Sergestidae,Sergestidae,17.51,CL,,AC,,
11,Sergestidae,Sergestidae,17.97,CL,,AC,,
11,Sergestidae,Sergestidae,10.23,CL,,AC,,
11,Sergestidae,Sergestidae,9.41,CL,,AC,,
11,Sergestidae,Sergestidae,9.22,CL,,AC,,
11,Sergestidae,Sergestidae,9.5,CL,,SIO,,
11,Sergestidae,Sergestidae,9.5,CL,,SIO,,
11,Sergestidae,Sergestidae,9.5,CL,,SIO,,
11,Sergestidae,Sergestidae,9.5,CL,,SIO,,
11,Sergestidae,Sergestidae,9.5,CL,,SIO,,
11,Sergestidae,Sergestidae,9.5,CL,,SIO,,
11,Sergestidae,Sergestidae,9.5,CL,,SIO,,
11,Sergestidae,Sergestidae,9.5,CL,,SIO,,
11,Sergestidae,Sergestidae,9.5,CL,,SIO,,
11,Sergestidae,Sergestidae,9.5,CL,,SIO,,
11,Sergestidae,Sergestidae,9.5,CL,,SIO,,
11,Sergestidae,Sergestidae,9.5,CL,,SIO,,
11,Sergestidae,Sergestidae,9.5,CL,,SIO,,
11,Sergestidae,Sergestidae,9.5,CL,,SIO,,
11,Sergestidae,Sergestidae,9.5,CL,,SIO,,
11,Sergestidae,Sergestidae,9.5,CL,,SIO,,
11,Sergestidae,Sergestidae,9.5,CL,,SIO,,
11,Sergestidae,Sergestidae,9.5,CL,,SIO,,
11,Sergestidae,Sergestidae,9.5,CL,,SIO,,
11,Sergestidae,Sergestidae,9.5,CL,,SIO,,
11,Sergestidae,Sergestidae,9.5,CL,,SIO,,
11,Sergestidae,Sergestidae,9.5,CL,,SIO,,
11,Sergestidae,Sergestidae,9.5,CL,,SIO,,
11,Sergestidae,Sergestidae,9.5,CL,,SIO,,
11,Sergestidae,Sergestidae,9.5,CL,,SIO,,
11,Sergestidae,Sergestidae,9.5,CL,,SIO,,
11,Sergestidae,Sergestidae,9.5,CL,,SIO,,
11,Sergestidae,Sergestidae,9.5,CL,,SIO,,
11,Sergestidae,Sergestidae,9.5,CL,,SIO,,
11,Sergestidae,Sergestidae,9.5,CL,,SIO,,
11,Sergestidae,Sergestidae,8.5,CL,,SIO,,
11,Sergestidae,Sergestidae,8.5,CL,,SIO,,
11,Mysidae,Gnathophausia,36.01,CL,,AC,,broken rostrum
11,Mysidae,Gnathophausia,25.56,CL,,AC,,
11,Mysidae,Gnathophausia,24.58,CL,,AC,,
11,Mysidae,Gnathophausia,26.13,CL,,AC,,broken rostrum
11,Mysidae,Gnathophausia,25.81,CL,,AC,,
11,Mysidae,Gnathophausia,19.98,CL,,plankton jar,,
11,Mysidae,Gnathophausia,17.72,CL,,plankton jar,,
11,Mysidae,Gnathophausia,16.73,CL,,plankton jar,,broken rostrum
11,Mysidae,Gnathophausia,12.22,CL,,plankton jar,,broken rostrum
11,Euphausiacea,Euphausiacea,9.14,CL,,AC,,
11,Euphausiacea,Euphausiacea,8.94,CL,,AC,,
11,Euphausiacea,Euphausiacea,8.28,CL,,AC,,
11,Euphausiacea,Euphausiacea,8.92,CL,,AC,,
11,Euphausiacea,Euphausiacea,6.57,CL,,AC,,
11,Euphausiacea,Euphausiacea,5.61,CL,,plankton jar,,
11,Caridea,Caridea,6.61,CL,,AC?,,
11,Penaeidae,Penaeidae,8.75,CL,,AC,,
11,Penaeidae,Penaeidae,10.79,CL,,AC,,
11,Penaeidae,Penaeidae,8.62,CL,,AC,,
11,Penaeidae,Penaeidae,8.28,CL,,AC,,
11,Penaeidae,Penaeidae,7.8,CL,,AC,,
11,Penaeidae,Penaeidae,7.5,CL,,plankton jar,,
11,Penaeidae,Penaeidae,7.5,CL,,plankton jar,,
11,Penaeidae,Penaeidae,7.5,CL,,plankton jar,,
11,Penaeidae,Penaeidae,7.5,CL,,plankton jar,,
11,Penaeidae,Penaeidae,7.5,CL,,plankton jar,,
11,Penaeidae,Penaeidae,7.5,CL,,plankton jar,,
11,Gonostomatidae,Cyclothone spp.,40.27,SL,,AC,,
11,Gonostomatidae,Cyclothone spp.,42.61,SL,,AC,,
11,Gonostomatidae,Cyclothone spp.,46.14,SL,,AC,,
11,Gonostomatidae,Cyclothone spp.,41.25,SL,,AC,,
11,Gonostomatidae,Cyclothone spp.,40.62,SL,,AC,,
11,Melamphaidae,Scopelogadus sp.,52.19,SL,,AC,,
11,Phosichthyidae,Vinciguerria nimbaria,36.04,SL,,AC,,
11,Myctophidae,Notolychnus valdiviae,2.88,SL,,AC,,
11,Myctophidae,Notolychnus valdiviae,23.46,SL,,AC,,
11,Myctophidae,Notolychnus valdiviae,24.17,SL,,AC,,
11,Serrivomeridae,Serrivomer sector,317,SL,,AC,,
11,Sternoptychidae,Danaphos oculatus,36.27,SL,,AC,,
11,Sternoptychidae,Danaphos oculatus,35.29,SL,,AC,,
11,Sternoptychidae,Danaphos oculatus,36.4,SL,,AC,,
11,Sternoptychidae,Danaphos oculatus,30.74,SL,,AC,,
11,Sternoptychidae,Danaphos oculatus,35.26,SL,,AC,,
11,Sternoptychidae,Argyropelecus sladeni,31.7,SL,,AC,,
11,Myctophidae,Ceratoscopelus warmingii,56.14,SL,,AC,,
11,Myctophidae,Ceratoscopelus warmingii,53.91,SL,,AC,,
11,Myctophidae,Ceratoscopelus warmingii,53,SL,,AC,,
11,Myctophidae,Ceratoscopelus warmingii,50.92,SL,,AC,,
11,Myctophidae,Ceratoscopelus warmingii,46.2,SL,,AC,,
11,Myctophidae,Nannobrachium spp.,60.94,SL,,AC,,
11,Myctophidae,Nannobrachium spp.,52.51,SL,,AC,,
11,Myctophidae,Nannobrachium spp.,47.01,SL,,AC,,
11,Myctophidae,Nannobrachium spp.,44.97,SL,,AC,,
11,Myctophidae,Nannobrachium spp.,43.07,SL,,AC,,
11,Myctophidae,Lampanyctus spp.,62.61,SL,,AC,,
11,Myctophidae,Lampanyctus spp.,49.39,SL,,AC,,
11,Myctophidae,Lampanyctus spp.,50.72,SL,,AC,,
11,Myctophidae,Lampanyctus spp.,47.33,SL,,AC,,
11,Myctophidae,Lampanyctus spp.,43.14,SL,,AC,,
11,Myctophidae,Lampadena urophaos,29.16,SL,,SIO,,
11,Myctophidae,Triphotorus nigrescens,31.69,SL,,SIO,,
11,Myctophidae,Triphotorus nigrescens,32.41,SL,,SIO,,
11,Myctophidae,Triphotorus nigrescens,33.61,SL,,SIO,,
11,NA,Leptocephalus,243,TL,,SIO,,
11,Melanostomiidae,Eustomias sp.,47.75,SL,,SIO,,
11,Melanostomiidae,Eustomias bulbornatus,58.97,SL,,SIO,,
11,Melanostomiidae,Eustomias bifilis,61.44,SL,,SIO,,
11,Gonostomatidae,Gonostoma atlanticum,58.7,SL,,SIO,,
11,Myctophidae,Ceratoscopelus warmingii,23,SL,,SIO,,
11,Myctophidae,Ceratoscopelus warmingii,23,SL,,SIO,,
11,Myctophidae,Ceratoscopelus warmingii,23,SL,,SIO,,
11,Myctophidae,Ceratoscopelus warmingii,23,SL,,SIO,,
11,Myctophidae,Ceratoscopelus warmingii,23,SL,,SIO,,
11,Myctophidae,Ceratoscopelus warmingii,23,SL,,SIO,,
11,Myctophidae,Ceratoscopelus warmingii,23,SL,,SIO,,
11,Myctophidae,Ceratoscopelus warmingii,23,SL,,SIO,,
11,Myctophidae,Ceratoscopelus warmingii,23,SL,,SIO,,
11,Myctophidae,Ceratoscopelus warmingii,23,SL,,SIO,,
11,Myctophidae,Ceratoscopelus warmingii,23,SL,,SIO,,
11,Myctophidae,Ceratoscopelus warmingii,23,SL,,SIO,,
11,Myctophidae,Ceratoscopelus warmingii,23,SL,,SIO,,
11,Myctophidae,Ceratoscopelus warmingii,23,SL,,SIO,,
11,Myctophidae,Ceratoscopelus warmingii,23,SL,,SIO,,
11,Myctophidae,Ceratoscopelus warmingii,23,SL,,SIO,,
11,Myctophidae,Ceratoscopelus warmingii,23,SL,,SIO,,
11,Myctophidae,Ceratoscopelus warmingii,23,SL,,SIO,,
11,Myctophidae,Ceratoscopelus warmingii,23,SL,,SIO,,
11,Myctophidae,Ceratoscopelus warmingii,23,SL,,SIO,,
11,Myctophidae,Ceratoscopelus warmingii,23,SL,,SIO,,
11,Myctophidae,Ceratoscopelus warmingii,23,SL,,SIO,,
11,Myctophidae,Ceratoscopelus warmingii,23,SL,,SIO,,
11,Myctophidae,Ceratoscopelus warmingii,23,SL,,SIO,,
11,Myctophidae,Ceratoscopelus warmingii,23,SL,,SIO,,
11,Myctophidae,Ceratoscopelus warmingii,23,SL,,SIO,,
11,Myctophidae,Ceratoscopelus warmingii,23,SL,,SIO,,
11,Myctophidae,Ceratoscopelus warmingii,23,SL,,SIO,,
11,Myctophidae,Ceratoscopelus warmingii,23,SL,,SIO,,
11,Myctophidae,Ceratoscopelus warmingii,23,SL,,SIO,,
11,Myctophidae,Ceratoscopelus warmingii,23,SL,,SIO,,
11,Myctophidae,Ceratoscopelus warmingii,23,SL,,SIO,,
11,Myctophidae,Ceratoscopelus warmingii,21,SL,,SIO,,
11,Myctophidae,Ceratoscopelus warmingii,21,SL,,SIO,,
11,Myctophidae,Ceratoscopelus warmingii,21,SL,,SIO,,
11,Myctophidae,Ceratoscopelus warmingii,21,SL,,SIO,,
11,Myctophidae,Ceratoscopelus warmingii,40.12,SL,,SIO,,
11,Myctophidae,Ceratoscopelus warmingii,35.78,SL,,SIO,,
11,Myctophidae,Ceratoscopelus warmingii,31.84,SL,,SIO,,
11,Myctophidae,Ceratoscopelus warmingii,27,SL,,SIO,,
11,Myctophidae,Ceratoscopelus warmingii,27,SL,,SIO,,
11,Myctophidae,Ceratoscopelus warmingii,27,SL,,SIO,,
11,Myctophidae,Diaphus parri (?),30.3,SL,,SIO,,
11,Myctophidae,Diaphus parri (?),30.07,SL,,SIO,,
11,Myctophidae,Diaphus parri (?),29.21,SL,,SIO,,
11,Diplophidae,Diplophos sp.,120.55,SL,,SIO,,
11,Diplophidae,Diplophos sp.,71.21,SL,,SIO,,
11,Gonostomatidae,Cyclothone spp.,NA,SL,,SIO,,
11,Gonostomatidae,Cyclothone spp.,NA,SL,,SIO,,
11,Gonostomatidae,Cyclothone spp.,NA,SL,,SIO,,
11,Gonostomatidae,Cyclothone spp.,NA,SL,,SIO,,
11,Gonostomatidae,Cyclothone spp.,NA,SL,,SIO,,
11,Gonostomatidae,Cyclothone spp.,NA,SL,,SIO,,
11,Gonostomatidae,Cyclothone spp.,NA,SL,,SIO,,
11,Gonostomatidae,Cyclothone spp.,NA,SL,,SIO,,
11,Myctophidae,Nannobrachium spp.,36.94,SL,,SIO,,
11,Myctophidae,Nannobrachium spp.,34.35,SL,,SIO,,
11,Myctophidae,Nannobrachium spp.,31.29,SL,,SIO,,
11,Myctophidae,Nannobrachium spp.,27.7,SL,,SIO,,
11,Myctophidae,Nannobrachium spp.,27.03,SL,,SIO,,
11,Sternoptychidae,Argyropelecus hemigymnus,26.45,SL,,SIO,,
11,Sternoptychidae,Argyropelecus hemigymnus,23.96,SL,,SIO,,
11,Sternoptychidae,Argyropelecus hemigymnus,24.39,SL,,SIO,,
11,Sternoptychidae,Argyropelecus hemigymnus,22.12,SL,,SIO,,
11,Myctophidae,Lampanyctus spp.,34.31,SL,,SIO,,
11,Myctophidae,Lampanyctus spp.,29.02,SL,,SIO,,
11,Myctophidae,Lampanyctus spp.,35.2,SL,,SIO,,
11,Idiacanthidae,Idiacanthus antrostomus,113.79,SL,,SIO,,
11,Idiacanthidae,Idiacanthus antrostomus,69.21,SL,,SIO,,
12,Myctophidae,Ceratoscopelus warmingii,53.33,SL,,AC,,
12,Myctophidae,Ceratoscopelus warmingii,51.54,SL,,AC,,
12,Myctophidae,Ceratoscopelus warmingii,45.3,SL,,AC,,
12,Myctophidae,Ceratoscopelus warmingii,46.19,SL,,AC,,
12,Myctophidae,Ceratoscopelus warmingii,45.19,SL,,AC,,
12,Sternoptychidae,Argyropelecus affinis,52.81,SL,,AC,,
12,Sternoptychidae,Sternoptyx obscura,18.34,SL,,AC,,
12,Sternoptychidae,Danaphos oculatus,36.84,SL,,AC,,
12,Sternoptychidae,Danaphos oculatus,34.56,SL,,AC,,
12,Sternoptychidae,Danaphos oculatus,34.51,SL,,AC,,
12,Sternoptychidae,Danaphos oculatus,33.74,SL,,AC,,
12,Phosichthyidae,Vinciguerria nimbaria,37.44,SL,,AC,,
12,Phosichthyidae,Vinciguerria nimbaria,33.28,SL,,AC,,
12,Phosichthyidae,Vinciguerria nimbaria,32.68,SL,,AC,,
12,Phosichthyidae,Vinciguerria nimbaria,30.7,SL,,AC,,
12,Phosichthyidae,Vinciguerria nimbaria,32.13,SL,,AC,,
12,Gonostomatidae,Cyclothone spp.,37.72,SL,,AC,,
12,Gonostomatidae,Cyclothone spp.,40.34,SL,,AC,,
12,Gonostomatidae,Cyclothone spp.,34.02,SL,,AC,,
12,Gonostomatidae,Cyclothone spp.,31.71,SL,,AC,,
12,Gonostomatidae,Cyclothone spp.,32.02,SL,,AC,,
12,Myctophidae,Lampanyctus spp.,58.35,SL,,AC,,
12,Myctophidae,Lampanyctus spp.,53.32,SL,,AC,,
12,Myctophidae,Lampanyctus spp.,48.29,SL,,AC,,
12,Myctophidae,Nannobrachium spp.,44.66,SL,,AC,,
12,Myctophidae,Nannobrachium spp.,39.81,SL,,AC,,
12,Myctophidae,Nannobrachium spp.,42.78,SL,,AC,,
12,Myctophidae,Triphotorus nigrescens,34.28,SL,,AC,,
12,Myctophidae,Triphotorus nigrescens,32.84,SL,,AC,,
12,Myctophidae,Triphotorus nigrescens,30.31,SL,,AC,,
12,Myctophidae,Notolychnus valdiviae,24.53,SL,,AC,,
12,Myctophidae,Notolychnus valdiviae,24.57,SL,,AC,,
12,Myctophidae,Notolychnus valdiviae,25.07,SL,,AC,,
12,Myctophidae,Diaphus mollis,50.37,SL,,AC,,
12,Myctophidae,Diaphus mollis,39.17,SL,,AC,,
12,Myctophidae,Diaphus mollis,35.12,SL,,AC,,
12,Myctophidae,Diaphus effulgens,37.87,SL,,AC,,
12,Caridea,Notostomus sp.,41.95,CL,,AC,,
12,Caridea,Notostomus sp.,28.43,CL,,AC,,
12,Caridea,Caridea,22.09,CL,,AC,,
12,Caridea,Caridea,11.27,CL,,AC,,
12,Mysidae,Gnathophausia,43.38,CL,,AC,,
12,Mysidae,Gnathophausia,11.05,CL,,AC,,
12,Penaeidae,Penaeidae,11.61,CL,,AC,,
12,Penaeidae,Penaeidae,8.95,CL,,AC,,
12,Penaeidae,Penaeidae,7.21,CL,,AC,,
12,Penaeidae,Penaeidae,8.82,CL,,AC,,
12,Penaeidae,Penaeidae,8.18,CL,,AC,,
12,Euphausiacea,Euphausiacea,8.24,CL,,AC,,
12,Euphausiacea,Euphausiacea,9.21,CL,,AC,,
12,Euphausiacea,Euphausiacea,8.09,CL,,AC,,
12,Euphausiacea,Euphausiacea,8.31,CL,,AC,,
12,Sergestidae,Sergestidae,9.29,CL,,AC,,
12,Sergestidae,Sergestidae,10.01,CL,,AC,,
12,Sergestidae,Sergestidae,9.79,CL,,AC,,
12,Sergestidae,Sergestidae,9.54,CL,,AC,,
12,Sergestidae,Sergestidae,9.39,CL,,AC,,
12,Sergestidae,Sergestidae,10,CL,,SIO,,
12,Sergestidae,Sergestidae,10,CL,,SIO,,
12,Sergestidae,Sergestidae,10,CL,,SIO,,
12,Sergestidae,Sergestidae,10,CL,,SIO,,
12,Sergestidae,Sergestidae,10,CL,,SIO,,
12,Sergestidae,Sergestidae,10,CL,,SIO,,
12,Sergestidae,Sergestidae,10,CL,,SIO,,
12,Sergestidae,Sergestidae,10,CL,,SIO,,
12,Sergestidae,Sergestidae,10,CL,,SIO,,
12,Sergestidae,Sergestidae,10,CL,,SIO,,
12,Sergestidae,Sergestidae,10,CL,,SIO,,
12,Sergestidae,Sergestidae,10,CL,,SIO,,
12,Sergestidae,Sergestidae,10,CL,,SIO,,
12,Sergestidae,Sergestidae,10,CL,,SIO,,
12,Sergestidae,Sergestidae,10,CL,,SIO,,
12,Sergestidae,Sergestidae,10,CL,,SIO,,
12,Sergestidae,Sergestidae,10,CL,,SIO,,
12,Sergestidae,Sergestidae,10,CL,,SIO,,
12,Sergestidae,Sergestidae,10,CL,,SIO,,
12,Sergestidae,Sergestidae,10,CL,,SIO,,
12,Sergestidae,Sergestidae,10,CL,,SIO,,
12,Sergestidae,Sergestidae,10,CL,,SIO,,
12,Penaeidae,Penaeidae,5.5,CL,,SIO,,
12,Penaeidae,Penaeidae,5.5,CL,,SIO,,
12,Penaeidae,Penaeidae,5.5,CL,,SIO,,
12,Myctophidae,Unidentified Myctophid,30.68,SL,,SIO,,
12,Myctophidae,Unidentified Myctophid,31.53,SL,,SIO,,
12,Myctophidae,Nannobrachium spp.,31.55,SL,,SIO,,
12,Myctophidae,Ceratoscopelus warmingii,40.73,SL,,SIO,,
12,Myctophidae,Ceratoscopelus warmingii,41.17,SL,,SIO,,
12,Myctophidae,Ceratoscopelus warmingii,43.75,SL,,SIO,,
12,Myctophidae,Ceratoscopelus warmingii,45.46,SL,,SIO,,
12,Myctophidae,Ceratoscopelus warmingii,38.75,SL,,SIO,,
12,Myctophidae,Ceratoscopelus warmingii,39.23,SL,,SIO,,
12,Myctophidae,Ceratoscopelus warmingii,36.25,SL,,SIO,,
12,Myctophidae,Ceratoscopelus warmingii,35.33,SL,,SIO,,
12,Myctophidae,Ceratoscopelus warmingii,33.78,SL,,SIO,,
12,Myctophidae,Ceratoscopelus warmingii,31.48,SL,,SIO,,
12,Myctophidae,Ceratoscopelus warmingii,30.66,SL,,SIO,,
12,Myctophidae,Ceratoscopelus warmingii,27.5,SL,,SIO,,
12,Myctophidae,Ceratoscopelus warmingii,27.5,SL,,SIO,,
12,Myctophidae,Ceratoscopelus warmingii,27.5,SL,,SIO,,
12,Myctophidae,Ceratoscopelus warmingii,27.5,SL,,SIO,,
12,Myctophidae,Ceratoscopelus warmingii,23.5,SL,,SIO,,
12,Myctophidae,Ceratoscopelus warmingii,23.5,SL,,SIO,,
12,Myctophidae,Ceratoscopelus warmingii,23.5,SL,,SIO,,
12,Myctophidae,Ceratoscopelus warmingii,23.5,SL,,SIO,,
12,Myctophidae,Ceratoscopelus warmingii,23.5,SL,,SIO,,
12,Myctophidae,Ceratoscopelus warmingii,23.5,SL,,SIO,,
12,Myctophidae,Ceratoscopelus warmingii,23.5,SL,,SIO,,
12,Myctophidae,Ceratoscopelus warmingii,23.5,SL,,SIO,,
12,Myctophidae,Ceratoscopelus warmingii,23.5,SL,,SIO,,
12,Myctophidae,Diaphus sp.,26.92,SL,,SIO,,
12,Melamphaidae,Scopeloberyx sp.,29.06,SL,,SIO,,
12,Phosichthyidae,Vinciguerria nimbaria,25.5,SL,,SIO,,
12,Phosichthyidae,Vinciguerria nimbaria,25.5,SL,,SIO,,
12,Phosichthyidae,Vinciguerria nimbaria,25.5,SL,,SIO,,
12,Phosichthyidae,Vinciguerria nimbaria,25.5,SL,,SIO,,
12,Phosichthyidae,Vinciguerria nimbaria,25.5,SL,,SIO,,
12,Phosichthyidae,Vinciguerria nimbaria,25.5,SL,,SIO,,
12,Phosichthyidae,Vinciguerria nimbaria,21.5,SL,,SIO,,
12,Phosichthyidae,Vinciguerria nimbaria,21.5,SL,,SIO,,
12,Myctophidae,Diaphus parri (?),34.74,SL,,SIO,,
12,Myctophidae,Diaphus parri (?),27.27,SL,,SIO,,
12,Myctophidae,Diaphus parri (?),24.74,SL,,SIO,,
12,Myctophidae,Lampanyctus spp.,36.89,SL,,SIO,,
12,Myctophidae,Lampanyctus spp.,31.92,SL,,SIO,,
12,Myctophidae,Lampanyctus spp.,31.03,SL,,SIO,,
12,Myctophidae,Lampanyctus spp.,22.97,SL,,SIO,,
12,Myctophidae,Lampanyctus spp.,29.5,SL,,SIO,,
12,Myctophidae,Lampanyctus spp.,29.5,SL,,SIO,,
12,Myctophidae,Lampanyctus spp.,29.5,SL,,SIO,,
12,Myctophidae,Lampanyctus spp.,26.5,SL,,SIO,,
12,Myctophidae,Lampanyctus spp.,26.5,SL,,SIO,,
12,Myctophidae,Lampanyctus spp.,26.5,SL,,SIO,,
12,Myctophidae,Lampanyctus spp.,24.5,SL,,SIO,,
12,Myctophidae,Lampanyctus spp.,24.5,SL,,SIO,,
12,Myctophidae,Lampanyctus spp.,24.5,SL,,SIO,,
12,Myctophidae,Lampanyctus spp.,24.5,SL,,SIO,,
12,Myctophidae,Lampanyctus spp.,24.5,SL,,SIO,,
12,Myctophidae,Lampanyctus spp.,24.5,SL,,SIO,,
12,Myctophidae,Lampanyctus spp.,24.5,SL,,SIO,,
12,Myctophidae,Lobianchia gemellarii,33.77,SL,,SIO,,
12,Myctophidae,Notolychnus valdiviae,18.97,SL,,SIO,,
12,Myctophidae,Notolychnus valdiviae,22.84,SL,,SIO,,
12,Myctophidae,Notolychnus valdiviae,20.78,SL,,SIO,,
12,Gempylidae,Gempylidae,54.86,SL,,SIO,,
12,Gempylidae,Gempylidae,28.78,SL,,SIO,,
12,Myctophidae,Lampadena urophaos,24.48,SL,,SIO,,
12,Gonostomatidae,Cyclothone spp.,26.09,SL,,SIO,,
12,Gonostomatidae,Cyclothone spp.,32.88,SL,,SIO,,
12,Melanostomiidae,Eustomias bifilis,63.78,SL,,SIO,,
12,Paralepididae,Paralepididae,61.88,SL,,SIO,,
12,Paralepididae,Paralepididae,48.08,SL,,SIO,,
12,Paralepididae,Paralepididae,46.5,SL,,SIO,,